{"type":"FeatureCollection","crs":{"type":"name","properties":{"name":"EPSG:25832"}},"features":[{"type":"Feature","properties":{"kind":"corridor"},"geometry":{"type":"MultiPolygon","coordinates":[[[[585466.69184123,6335434.677503876],[585485.6111318532,6335474.566110002],[585568.4029082422,6335647.430946765],[585592.7541082501,6335692.566145678],[585610.1620948466,6335721.478131456],[585615.8769009497,6335730.972608436],[585622.0479764794,6335741.222625815],[585655.8851499169,6335790.47477931],[585685.1723486272,6335829.1878669765],[585723.0867045493,6335879.293663919],[585759.1639135294,6335930.408347942],[585785.0723776993,6335971.1787798125],[585809.1334777706,6336013.469885079],[585840.5387472012,6336076.725771473],[585880.2954150367,6336166.869291363],[585927.6163084065,6336275.443815725],[585962.8312739029,6336343.245397607],[586015.3283870365,6336435.2038423065],[586145.1422676692,6336653.64859266],[586190.7676892732,6336730.4222188685],[586213.5591595747,6336768.780961118],[586266.3607625703,6336859.234955046],[586346.2856021352,6336996.168514448],[586357.2428378104,6337016.575180808],[586366.8195149599,6337036.463003955],[586377.2419488595,6337063.617651977],[586421.5280675403,6337185.374971168],[586437.6001803876,6337222.3025567625],[586453.3597059556,6337253.06583529],[586478.906604777,6337294.757804304],[586502.5491698177,6337328.59299729],[586561.6725270816,6337405.955165303],[586584.1863830799,6337435.869805953],[586605.4040498297,6337463.2630337505],[586644.7587888467,6337514.934007443],[586652.8063565532,6337525.147248679],[586731.935135881,6337633.120577613],[586777.7022220717,6337698.657746113],[586797.4809225146,6337727.33572517],[586844.3245771866,6337802.817972181],[586865.3812050321,6337838.53850899],[586939.6397779695,6337955.778406783],[587019.507067253,6338083.293673322],[587041.0977457364,6338117.924086719],[587074.9719810573,6338172.2453845525],[587155.6673291696,6338301.662959046],[587204.8178222188,6338379.236328367],[587246.6702038395,6338439.830235907],[587293.5914772674,6338498.015395745],[587360.0006914105,6338570.4778505545],[587380.7856520545,6338596.362990267],[587490.5680025301,6338713.443108919],[587511.1300994555,6338738.644964665],[587692.3852893536,6338979.149099419],[587727.856759925,6339024.72444066],[587728.780725528,6339025.913337723],[587810.788581378,6339121.476667892],[587888.0011569768,6339210.659049926],[587909.1067954537,6339235.373558919],[588009.8166424552,6339355.359501483],[588232.8678005624,6339624.120247329],[588247.0178442658,6339641.171173703],[588284.8529858588,6339686.75781431],[588308.2784360601,6339714.987397715],[588365.2203292202,6339783.455987796],[588428.3009472585,6339859.306447475],[588486.6857357611,6339925.424832552],[588773.405787354,6340228.602435687],[588909.9222210881,6340365.0964237],[589294.0565462644,6340749.234825608],[589327.1535125702,6340782.101244218],[589512.9520847353,6340966.600399242],[589602.975250681,6341056.73063852],[590301.4943745176,6341071.993292436],[590260.6142170351,6341018.102067465],[590279.3262966723,6341003.178524359],[590308.9079881165,6340980.408975001],[590338.3381874672,6340957.948103878],[590356.4161125926,6340945.783767192],[590422.1573128143,6341031.22370128],[590421.8773585231,6341036.540416287],[590404.528096928,6341046.905343727],[590407.502536959,6341051.814691162],[590414.9335510773,6341053.035777949],[590422.9755166924,6341052.856063568],[590539.0430037763,6341001.209545183],[590603.6755422544,6340958.868104138],[590999.5047914428,6340648.347714813],[590984.2359304442,6340630.616259057],[590983.723271291,6340643.422165783],[590960.840401053,6340665.277138692],[590744.1404595082,6340836.50671762],[590700.8107747212,6340840.919348801],[590682.1795292016,6340851.243773323],[590670.3443319718,6340890.815569634],[590611.8161171695,6340939.938382009],[590528.970156011,6340994.796581849],[590499.2149559151,6341004.509726323],[590472.9981046626,6341006.127233594],[590445.8855859509,6341002.023751201],[590424.584312651,6340993.092698752],[590377.2826620742,6340917.545103506],[590372.333123876,6340912.848548322],[590365.9368398427,6340912.385214023],[590182.4085075741,6341052.623682373],[590171.078448669,6341059.168267155],[590164.0920736989,6341059.995189231],[590156.96873761,6341059.3492143145],[590149.9079861366,6341056.121145385],[590097.631070704,6341008.062136033],[590089.0231574273,6341001.236902252],[590075.7204726541,6340999.052760528],[590069.2801641972,6340998.121222281],[590067.434389542,6340987.735805222],[590048.5591120018,6340989.984330464],[590043.2817215672,6340965.448387024],[590028.098411303,6340966.898041318],[590027.1453327483,6340947.467737156],[590015.9726126991,6340939.628912608],[590004.3498415935,6340935.510727587],[590004.7260162857,6340919.962431939],[589980.1099625694,6340916.907698249],[589978.0531653529,6340886.852144849],[589928.9918364566,6340832.228843145],[589874.9742556604,6340781.707252037],[589814.8405649175,6340723.068736104],[589730.4011059786,6340616.753111656],[589701.1626403272,6340574.702617867],[589654.3198448584,6340522.224669919],[589609.7648844861,6340483.716609712],[589585.334967534,6340458.920513092],[589564.3489671408,6340440.012270577],[589522.8098479642,6340396.715679903],[589474.2279193741,6340364.268481495],[589450.6770647337,6340344.013391162],[589441.6203848561,6340327.959563815],[589438.2282135813,6340304.913134921],[589430.6108290815,6340281.3072523745],[589411.0145128117,6340259.011396663],[589380.9062174789,6340226.966528816],[589347.6193379939,6340206.834830358],[589334.7236067131,6340203.314597202],[589314.5777520739,6340209.102405837],[589303.5273366641,6340210.243564063],[589292.4748808668,6340207.576335769],[589284.0380614195,6340204.152949179],[589277.1995952534,6340198.102826071],[589275.0190324743,6340193.846300582],[589276.1143665493,6340188.213167745],[589292.0306991406,6340168.402836453],[589293.6147310981,6340162.535321056],[589291.7920478717,6340156.827784877],[589287.2003281186,6340148.075873729],[589276.2116470254,6340142.737536519],[589262.4445050588,6340142.038221196],[589247.0124157242,6340147.037695407],[589238.9100632337,6340146.862110031],[589231.5947477092,6340144.120138757],[589227.8873761859,6340139.184694298],[589227.123636357,6340133.422185372],[589228.4555338909,6340128.028014775],[589232.4933118135,6340117.436479882],[589234.8296665758,6340106.975114361],[589231.4697269402,6340089.909411033],[589198.7733397826,6340042.431651423],[589164.910591694,6340003.837385421],[589147.8404102857,6339983.401531664],[589131.5066939755,6339959.09537864],[589124.9437884178,6339932.740211646],[589118.1198794817,6339895.254976596],[589111.6577681632,6339887.1420822255],[589095.2928821361,6339879.338331275],[589078.5464914483,6339873.798051226],[589054.1911987924,6339860.331818155],[589039.5862212689,6339845.7736568125],[589016.6976873555,6339824.566744143],[588998.6113052507,6339806.047183071],[588966.6276341623,6339770.401661995],[588939.7640726101,6339738.107415382],[588915.3049289735,6339714.2726045335],[588896.3396895622,6339684.610139063],[588848.5148474177,6339623.179010902],[588818.7169956412,6339591.457049366],[588781.3096254211,6339551.4868934415],[588759.3769427988,6339521.415956675],[588717.9610200438,6339451.082536243],[588695.8209897404,6339409.816302698],[588659.9608252032,6339358.221768821],[588643.4772671311,6339325.173128112],[588626.2623274487,6339296.318053511],[588596.2730651889,6339258.123987538],[588576.2498410603,6339224.03073256],[588559.7927863267,6339189.69132075],[588548.5050747456,6339156.754815607],[588534.3194501172,6339137.675452955],[588514.2609718269,6339120.08460152],[588487.8209457207,6339097.82462365],[588480.0578473158,6339081.4779950995],[588476.3319299656,6339058.737224835],[588471.5564492096,6339039.537280532],[588455.8268181839,6339016.861696905],[588409.840821585,6338952.747443902],[588383.3609271708,6338932.269014688],[588364.1556663787,6338920.209321159],[588355.3694685316,6338914.029986345],[588349.6725191793,6338907.593989345],[588347.183618014,6338895.080003887],[588350.5167667986,6338883.169695841],[588359.7367826207,6338869.125137573],[588366.6521973984,6338856.812845532],[588368.8657191182,6338844.388574651],[588367.5998807539,6338835.464167739],[588341.2584095016,6338792.974153821],[588309.1070813754,6338749.558040858],[588275.2027752124,6338709.467558404],[588219.88353009,6338659.58726548],[588175.2388047682,6338608.44403091],[588157.711721325,6338578.615669954],[588137.7973705614,6338549.560350718],[588111.6046540061,6338519.992268766],[588088.3193235665,6338497.256880091],[588067.7842122203,6338489.847125508],[588036.2324346089,6338479.540708145],[588008.1866334676,6338456.269803109],[587985.1174786955,6338427.61558484],[587955.3878187996,6338391.692643034],[587919.5368563087,6338338.802530341],[587818.61347359,6338188.036925818],[587752.1624708491,6338094.019133178],[587725.4653283354,6338052.650541409],[587702.4596735671,6338018.2535244385],[587675.255511765,6337963.144532665],[587638.0553238573,6337913.624721176],[587604.6097876457,6337877.491899802],[587538.6304965278,6337791.260429033],[587469.1496624944,6337702.0271864245],[587411.2513738836,6337616.938226193],[587373.3838113361,6337535.826910587],[587337.381130033,6337443.419693629],[587303.8112282124,6337373.724869319],[587284.1861286558,6337319.870594616],[587274.5423731736,6337300.246310647],[587246.2673542153,6337271.7870642925],[587214.3353997801,6337247.470956702],[587188.9401148268,6337228.393357093],[587176.724772799,6337215.3516110685],[587171.1304810272,6337203.574581892],[587169.3277908133,6337181.265735972],[587162.0159555287,6337151.157004035],[587156.6090066223,6337130.7985975295],[587147.9411731135,6337111.028249675],[587095.3613564279,6337034.608634573],[587059.5280895048,6336974.333296498],[587014.0623339306,6336865.93959988],[586981.4324458094,6336791.334649765],[586985.876168425,6336779.13498706],[586984.1952362375,6336772.785784215],[586969.2805106969,6336780.354960693],[586954.6846175954,6336763.344087198],[586962.1656017813,6336756.57569313],[586943.775170513,6336720.977898695],[586932.9376710809,6336702.732401133],[586878.9554003301,6336609.160160964],[586867.3422126747,6336596.978400721],[586874.8901403439,6336569.811334343],[586805.6425058228,6336453.436348658],[586786.0306850929,6336414.795970901],[586775.2650058493,6336403.7013262585],[586771.0549880143,6336372.0329721095],[586748.3866205132,6336321.046230193],[586732.3881285392,6336283.150284962],[586723.801552071,6336286.94499514],[586721.6014219595,6336270.7302528955],[586729.2407272782,6336264.510386502],[586723.5674438905,6336259.814454483],[586722.9637928515,6336253.131708145],[586708.561836104,6336253.229718532],[586705.6346416153,6336248.569285706],[586703.5889166796,6336242.8472640375],[586691.3554920655,6336224.4061036855],[586695.7171576258,6336210.912726126],[586687.2355784879,6336186.682156217],[586683.509643212,6336175.401714481],[586685.7038891198,6336167.441554806],[586680.4766019174,6336160.516867208],[586667.9333629085,6336144.708343849],[586661.5849277904,6336130.956449135],[586649.1500091421,6336126.68643777],[586643.4399225191,6336113.649511052],[586636.5255924871,6336106.667167897],[586631.5290329742,6336089.903789607],[586626.206208494,6336065.338855889],[586608.9333572246,6336052.003435457],[586592.6093655104,6336011.339727989],[586586.5430407748,6335995.656347452],[586579.6156803521,6335985.533683127],[586574.1532395283,6335956.355891272],[586582.2034580006,6335942.683724548],[586577.9797093716,6335938.085257405],[586572.2148562577,6335935.703772821],[586562.9056121357,6335937.579527589],[586537.8578536614,6335892.4681568835],[586533.3896695903,6335871.829794099],[586540.5455998658,6335864.730874138],[586547.7312076851,6335853.6238845885],[586547.8802677486,6335843.349140775],[586536.3014178869,6335841.202035085],[586528.4395518656,6335820.804262709],[586518.2395852731,6335804.555461803],[586524.6043575137,6335795.368752205],[586523.5025177555,6335790.780168954],[586519.7487794105,6335787.995545814],[586506.0015080377,6335787.673769089],[586495.2028852693,6335780.0534545025],[586483.7643586043,6335770.916487814],[586478.968303787,6335769.357198183],[586473.4202475018,6335755.75604281],[586466.6539974869,6335747.151368261],[586461.4900948522,6335716.376548101],[586461.3520354532,6335692.076473542],[586462.8282138333,6335668.133162978],[586458.9306450202,6335637.2735477],[586442.2772960875,6335611.01269769],[586418.4737096278,6335584.913890226],[586390.0217916213,6335533.12901412],[586365.9620669035,6335472.695138845],[586359.3651076187,6335445.854641518],[586339.9745002361,6335437.253152363],[586340.5027493716,6335425.0265532965],[586339.4318145897,6335418.657035386],[586340.0786083161,6335416.465791586],[585451.6277821112,6335397.964446771],[585466.69184123,6335434.677503876]]],[[[590541.0934491776,6341069.561075269],[590592.3749721731,6341037.3600437045],[590654.3425503038,6340991.163474469],[590768.7814712385,6340903.4076779755],[590807.3588166854,6340866.7198382],[590839.9038987827,6340839.119625601],[590849.8779548234,6340831.656049951],[590854.8639818948,6340829.750508615],[590861.4299578004,6340829.650422169],[590871.2043533458,6340831.235840554],[590883.6916319919,6340830.943549312],[590891.4973100801,6340829.991153766],[590897.9394976004,6340828.10667512],[590900.1816474725,6340825.650637348],[590902.0262805314,6340819.299452468],[590901.3222020383,6340814.506677037],[590897.8471742757,6340810.387683039],[590891.436877933,6340808.909875028],[590885.7657568946,6340806.802521677],[590883.8449702013,6340804.009595062],[590882.6989861196,6340798.97321856],[590880.8066031021,6340789.143137487],[590880.4679380375,6340786.140149927],[590881.4078203735,6340783.811256801],[590887.7659784877,6340778.617592738],[591009.4211905906,6340685.637773917],[591017.4942331363,6340679.71384081],[591019.0478276802,6340677.242642558],[591019.570910859,6340673.813261591],[591019.2795738451,6340668.673244074],[591014.9157228112,6340664.567911347],[591011.6097724843,6340661.822256462],[591008.620426743,6340661.433243809],[591004.9655579538,6340663.535065162],[591003.4594223964,6340665.773466963],[591002.8753667533,6340670.047818219],[591002.4351530296,6340673.556982644],[591000.7861656359,6340676.516051118],[590997.9732928659,6340679.081917475],[590625.5518775723,6340970.496454393],[590575.5502563909,6341005.731904212],[590529.0776434136,6341031.134757756],[590427.9069539175,6341074.768081602],[590526.0966417528,6341076.926050889],[590541.0934491776,6341069.561075269]]],[[[590394.1029583019,6341068.368760639],[590393.4754125562,6341063.64458173],[590355.5503435747,6341069.493445195],[590351.057647879,6341066.844768179],[590336.7273704032,6341072.7662755195],[590363.0736658203,6341073.344488822],[590394.1029583019,6341068.368760639]]]]}},{"type":"Feature","properties":{"kind":"soil","key":["DL","DL"]},"geometry":{"type":"MultiPolygon","coordinates":[[[[586726.95,6337397.77],[586722.95,6337418.77],[586727.94,6337447.77],[586739.94,6337484.77],[586761.94,6337523.77],[586774.94,6337548.77],[586799.94,6337593.77],[586820.94,6337631.77],[586844.94,6337671.77],[586882.94,6337732.77],[586899.94,6337763.77],[586916.94,6337792.77],[586936.94,6337825.77],[586961.94,6337860.77],[586989.94,6337900.77],[587009.94,6337934.77],[587048.94,6337996.77],[587075.93,6338039.77],[587111.93,6338089.77],[587138.93,6338121.77],[587158.93,6338154.77],[587176.93,6338185.77],[587200.93,6338215.77],[587225.93,6338238.77],[587256.93,6338279.77],[587297.93,6338330.77],[587323.93,6338368.77],[587355.93,6338406.77],[587392.93,6338452.77],[587428.93,6338488.76],[587459.93,6338523.76],[587487.93,6338557.76],[587513.92,6338587.76],[587538.92,6338611.76],[587551.92,6338642.76],[587562.92,6338657.76],[587608.92,6338699.76],[587648.92,6338741.76],[587670.92,6338775.76],[587706.92,6338802.76],[587726.92,6338810.76],[587755.92,6338806.76],[587776.92,6338799.76],[587787.92,6338778.76],[587783.92,6338748.76],[587773.92,6338730.76],[587759.92,6338710.76],[587733.92,6338678.76],[587702.92,6338643.76],[587677.92,6338610.76],[587646.92,6338578.76],[587612.92,6338546.76],[587591.92,6338523.77],[587552.93,6338486.77],[587512.93,6338451.77],[587411.93,6338316.77],[587390.93,6338282.77],[587371.93,6338247.77],[587364.93,6338213.77],[587345.93,6338186.77],[587323.93,6338164.77],[587299.93,6338137.77],[587278.93,6338105.77],[587254.93,6338087.77],[587225.93,6338051.77],[587199.93,6338019.77],[587179.93,6337984.77],[587169.94,6337951.77],[587158.94,6337937.77],[587130.94,6337893.77],[587111.94,6337871.77],[587086.94,6337848.77],[587065.94,6337832.77],[587052.94,6337802.77],[587039.94,6337779.77],[587023.94,6337756.77],[586998.94,6337724.77],[586970.94,6337699.77],[586947.94,6337671.77],[586930.94,6337654.77],[586907.94,6337621.77],[586894.94,6337591.77],[586876.94,6337563.77],[586861.94,6337529.77],[586841.94,6337490.77],[586813.94,6337443.77],[586792.94,6337409.77],[586759.95,6337383.77],[586736.95,6337384.77],[586726.95,6337397.77]]],[[[588141.91,6339329.76],[588146.91,6339339.76],[588156.91,6339346.76],[588168.91,6339364.76],[588181.91,6339379.76],[588200.91,6339385.76],[588215.91,6339379.76],[588224.91,6339370.76],[588229.91,6339351.76],[588220.91,6339319.76],[588216.91,6339304.76],[588206.91,6339293.76],[588184.91,6339289.76],[588158.91,6339286.76],[588143.91,6339295.76],[588140.91,6339312.76],[588141.91,6339329.76]]],[[[588717.9,6339887.75],[588683.9,6339857.75],[588643.9,6339829.75],[588617.9,6339818.75],[588596.9,6339797.76],[588578.9,6339798.75],[588564.9,6339807.75],[588564.9,6339831.75],[588567.9,6339860.75],[588574.9,6339884.75],[588593.9,6339907.75],[588623.9,6339933.75],[588637.9,6339955.75],[588658.9,6339983.75],[588682.9,6340033.75],[588716.9,6340027.75],[588734.9,6340023.75],[588768.9,6340024.75],[588770.9,6339979.75],[588760.9,6339939.75],[588742.9,6339909.75],[588717.9,6339887.75]]]]}},{"type":"Feature","properties":{"kind":"soil","key":["FT","FT"]},"geometry":{"type":"Polygon","coordinates":[[[588806.89,6340174.75],[588801.9,6340135.75],[588793.9,6340109.75],[588783.9,6340087.75],[588781.9,6340060.75],[588768.9,6340024.75],[588734.9,6340023.75],[588716.9,6340027.75],[588682.9,6340033.75],[588668.9,6340072.75],[588667.9,6340095.75],[588673.9,6340112.75],[588682.2351323398,6340132.198642126],[588770.6772358723,6340225.717267057],[588770.89,6340225.75],[588794.89,6340224.75],[588804.89,6340207.75],[588806.89,6340174.75]]]}},{"type":"Feature","properties":{"kind":"soil","key":["ES","HS"]},"geometry":{"type":"Polygon","coordinates":[[[588265.91,6339654.76],[588220.91,6339594.76],[588190.91,6339565.76],[588154.8955774275,6339530.169276516],[588232.8678005624,6339624.120247329],[588247.0178442658,6339641.171173703],[588258.2960424436,6339654.76],[588265.91,6339654.76]]]}},{"type":"Feature","properties":{"kind":"soil","key":["ES","ES"]},"geometry":{"type":"MultiPolygon","coordinates":[[[[586471.95,6337219.77],[586494.95,6337220.77],[586521.95,6337209.77],[586532.95,6337190.77],[586530.95,6337157.77],[586527.95,6337126.78],[586505.95,6337091.78],[586492.95,6337065.78],[586461.95,6337018.78],[586434.95,6336982.78],[586406.95,6336944.78],[586376.95,6336901.78],[586354.96,6336861.78],[586322.96,6336815.78],[586306.96,6336785.78],[586292.96,6336753.78],[586270.96,6336720.78],[586247.96,6336672.78],[586230.96,6336643.78],[586227.96,6336621.78],[586230.96,6336598.78],[586228.96,6336564.78],[586233.96,6336532.78],[586231.96,6336508.78],[586221.96,6336479.78],[586200.96,6336443.78],[586187.96,6336420.78],[586155.96,6336377.78],[586120.96,6336347.78],[586099.96,6336333.78],[586082.96,6336308.78],[586062.96,6336280.78],[586036.97,6336226.78],[586019.97,6336183.78],[585990.97,6336133.78],[585962.97,6336104.78],[585936.97,6336076.78],[585913.97,6336046.78],[585880.97,6336009.78],[585847.97,6335973.78],[585809.97,6335922.78],[585777.97,6335879.78],[585753.97,6335837.78],[585732.97,6335800.78],[585687.97,6335728.79],[585662.97,6335685.79],[585639.98,6335662.79],[585624.98,6335632.79],[585614.98,6335599.79],[585603.98,6335576.79],[585590.98,6335556.79],[585572.98,6335530.79],[585555.98,6335500.79],[585544.98,6335470.79],[585526.98,6335435.79],[585489.9525319212,6335398.762531921],[585451.6277821112,6335397.964446771],[585466.69184123,6335434.677503876],[585485.6111318532,6335474.566110002],[585568.4029082422,6335647.430946765],[585592.7541082501,6335692.566145678],[585610.1620948466,6335721.478131456],[585615.8769009497,6335730.972608436],[585622.0479764794,6335741.222625815],[585655.8851499169,6335790.47477931],[585685.1723486272,6335829.1878669765],[585723.0867045493,6335879.293663919],[585759.1639135294,6335930.408347942],[585785.0723776993,6335971.1787798125],[585809.1334777706,6336013.469885079],[585840.5387472012,6336076.725771473],[585880.2954150367,6336166.869291363],[585927.6163084065,6336275.443815725],[585962.8312739029,6336343.245397607],[586015.3283870365,6336435.2038423065],[586145.1422676692,6336653.64859266],[586190.7676892732,6336730.4222188685],[586213.5591595747,6336768.780961118],[586266.3607625703,6336859.234955046],[586346.2856021352,6336996.168514448],[586357.2428378104,6337016.575180808],[586366.8195149599,6337036.463003955],[586377.2419488595,6337063.617651977],[586421.5280675403,6337185.374971168],[586433.1721855387,6337212.128713389],[586438.95,6337214.77],[586471.95,6337219.77]]],[[[588668.9,6340072.75],[588648.9,6340077.75],[588624.9,6340058.75],[588593.9,6340011.75],[588563.9,6339988.75],[588519.9,6339951.75],[588489.9,6339919.75],[588465.9,6339892.75],[588424.9,6339850.75],[588375.9,6339788.75],[588342.9,6339741.75],[588309.9,6339697.76],[588265.91,6339654.76],[588258.2960424436,6339654.76],[588284.8529858588,6339686.75781431],[588308.2784360601,6339714.987397715],[588365.2203292202,6339783.455987796],[588428.3009472585,6339859.306447475],[588486.6857357611,6339925.424832552],[588682.2351323398,6340132.198642126],[588673.9,6340112.75],[588667.9,6340095.75],[588668.9,6340072.75]]],[[[589313.88,6340684.75],[589285.89,6340606.75],[589226.89,6340533.75],[589176.89,6340494.75],[589119.89,6340440.75],[589069.89,6340402.75],[589010.89,6340367.75],[588962.89,6340336.75],[588905.89,6340293.75],[588871.89,6340272.75],[588831.89,6340245.75],[588794.89,6340224.75],[588770.89,6340225.75],[588770.6772358723,6340225.717267057],[588773.405787354,6340228.602435687],[588909.9222210881,6340365.0964237],[589294.0565462644,6340749.234825608],[589327.1535125702,6340782.101244218],[589328.8288997582,6340783.764914271],[589328.88,6340780.75],[589322.88,6340721.75],[589313.88,6340684.75]]]]}},{"type":"Feature","properties":{"kind":"soil","key":["HS","HS"]},"geometry":{"type":"Polygon","coordinates":[[[590173.87,6341065.75],[590170.4453683558,6341059.2431998765],[590164.0920736989,6341059.995189231],[590156.96873761,6341059.3492143145],[590149.9079861366,6341056.121145385],[590097.631070704,6341008.062136033],[590089.0231574273,6341001.236902252],[590075.7204726541,6340999.052760528],[590069.2801641972,6340998.121222281],[590067.434389542,6340987.735805222],[590048.5591120018,6340989.984330464],[590044.6736207955,6340971.919683997],[590040.87,6340968.75],[590037.3181063149,6340966.017774088],[590028.098411303,6340966.898041318],[590027.6885699049,6340958.54265132],[590020.87,6340950.75],[590015.6312017897,6340939.507943755],[590004.3498415935,6340935.510727587],[590004.532513175,6340927.960427646],[590001.88,6340925.75],[589998.6065156971,6340919.203031394],[589980.1099625694,6340916.907698249],[589978.9837964784,6340900.4512654925],[589976.88,6340899.75],[589966.88,6340889.75],[589969.88,6340879.75],[589957.88,6340864.75],[589945.88,6340851.75],[589940.2067206288,6340844.715133579],[589928.9918364566,6340832.228843145],[589874.9742556604,6340781.707252037],[589814.8405649175,6340723.068736104],[589730.4011059786,6340616.753111656],[589719.4837551446,6340601.051877572],[589708.88,6340595.75],[589703.88,6340585.75],[589704.5041634195,6340579.508365805],[589701.1626403272,6340574.702617867],[589654.3198448584,6340522.224669919],[589629.375787521,6340500.665964587],[589623.88,6340499.75],[589622.2385573101,6340494.497383392],[589609.7648844861,6340483.716609712],[589602.1648738249,6340476.002682602],[589598.88,6340475.75],[589591.88,6340465.75],[589591.833237006,6340465.516185029],[589585.334967534,6340458.920513092],[589564.3489671408,6340440.012270577],[589522.8098479642,6340396.715679903],[589474.2279193741,6340364.268481495],[589450.6770647337,6340344.013391162],[589441.6203848561,6340327.959563815],[589441.365090127,6340326.225090127],[589434.89,6340319.75],[589432.89,6340309.75],[589412.89,6340299.75],[589405.89,6340289.75],[589425.89,6340282.75],[589426.3122337768,6340276.416493349],[589411.0145128117,6340259.011396663],[589410.5446735343,6340258.511337215],[589403.89,6340254.75],[589389.89,6340241.75],[589379.89,6340228.75],[589379.3443889157,6340226.021944579],[589347.6193379939,6340206.834830358],[589334.7236067131,6340203.314597202],[589317.8049506036,6340208.175246982],[589314.89,6340222.75],[589304.89,6340226.75],[589289.89,6340221.75],[589287.89,6340206.75],[589287.2413746959,6340205.452749392],[589284.0380614195,6340204.152949179],[589277.1995952534,6340198.102826071],[589275.0190324743,6340193.846300582],[589275.589983741,6340190.909986992],[589272.89,6340188.75],[589265.89,6340175.75],[589265.89,6340165.75],[589273.89,6340158.75],[589288.89,6340156.75],[589288.89,6340151.296422667],[589287.2003281186,6340148.075873729],[589276.2116470254,6340142.737536519],[589262.4445050588,6340142.038221196],[589247.0124157242,6340147.037695407],[589238.9100632337,6340146.862110031],[589231.5947477092,6340144.120138757],[589227.8873761859,6340139.184694298],[589227.123636357,6340133.422185372],[589227.6852568564,6340131.147628428],[589226.89,6340130.75],[589224.89,6340112.75],[589224.89,6340100.75],[589215.89,6340069.75],[589205.89,6340059.75],[589195.89,6340054.75],[589191.89,6340041.75],[589186.89,6340029.75],[589174.89,6340021.75],[589159.89,6340008.75],[589152.89,6340000.75],[589149.89,6339988.75],[589142.89,6339980.75],[589135.89,6339967.75],[589128.89,6339955.76],[589125.89,6339942.76],[589123.89,6339927.76],[589118.9,6339917.76],[589111.9,6339899.76],[589109.9,6339887.76],[589106.1644963818,6339884.522563531],[589095.2928821361,6339879.338331275],[589081.4541368826,6339874.76],[589079.9,6339874.76],[589069.9,6339878.76],[589057.9,6339868.76],[589042.9,6339860.76],[589040.9,6339850.76],[589041.6358268913,6339847.816692434],[589039.5862212689,6339845.7736568125],[589016.6976873555,6339824.566744143],[588998.6113052507,6339806.047183071],[588969.5133885919,6339773.617810012],[588962.9,6339769.76],[588963.7465551093,6339766.938149636],[588939.7640726101,6339738.107415382],[588915.3049289735,6339714.2726045335],[588912.5357113323,6339709.941426799],[588908.9,6339707.76],[588896.9,6339690.76],[588891.9,6339679.76],[588882.9,6339667.76],[588883.0257954479,6339667.508409104],[588848.5148474177,6339623.179010902],[588818.7169956412,6339591.457049366],[588781.3096254211,6339551.4868934415],[588759.3769427988,6339521.415956675],[588745.4775445303,6339497.811696353],[588743.9,6339496.76],[588743.4071370829,6339494.295685414],[588717.9610200438,6339451.082536243],[588695.8209897404,6339409.816302698],[588659.9608252032,6339358.221768821],[588646.1470782831,6339330.525954798],[588637.91,6339324.76],[588634.3762794217,6339309.918373571],[588626.2623274487,6339296.318053511],[588601.1381455535,6339264.320111964],[588593.91,6339258.76],[588593.106253792,6339252.731903439],[588584.346994041,6339237.817638175],[588577.91,6339232.76],[588567.91,6339222.76],[588564.91,6339212.76],[588557.91,6339204.76],[588545.91,6339196.76],[588535.91,6339191.76],[588535.91,6339179.76],[588550.91,6339169.76],[588551.867863098,6339166.567123006],[588548.5050747456,6339156.754815607],[588540.4316405333,6339145.896218738],[588531.91,6339144.76],[588521.91,6339151.76],[588511.91,6339148.76],[588504.91,6339141.76],[588506.91,6339128.76],[588515.3108762605,6339121.00534499],[588514.2609718269,6339120.08460152],[588495.6057302459,6339104.378669041],[588489.91,6339108.76],[588477.91,6339095.76],[588465.91,6339090.76],[588457.91,6339082.76],[588468.91,6339070.76],[588463.91,6339060.76],[588456.91,6339047.76],[588439.91,6339027.76],[588439.91,6339012.76],[588432.91,6339001.76],[588424.91,6338994.76],[588417.91,6338986.76],[588417.91,6338974.76],[588410.91,6338966.76],[588398.91,6338956.76],[588398.91,6338944.294009286],[588383.3609271708,6338932.269014688],[588364.1556663787,6338920.209321159],[588355.3694685316,6338914.029986345],[588349.6725191793,6338907.593989345],[588347.183618014,6338895.080003887],[588347.2946505103,6338894.683252551],[588344.91,6338882.76],[588342.91,6338864.76],[588343.91,6338844.76],[588353.92,6338830.76],[588358.899388582,6338821.429870645],[588341.2584095016,6338792.974153821],[588328.0539054576,6338775.143218908],[588319.92,6338776.77],[588307.92,6338771.77],[588300.92,6338763.77],[588292.92,6338748.77],[588293.92,6338736.77],[588293.92,6338731.599926143],[588275.2027752124,6338709.467558404],[588219.88353009,6338659.58726548],[588213.1753761432,6338651.902669185],[588210.92,6338651.77],[588195.92,6338646.77],[588183.92,6338623.77],[588182.034819168,6338616.229276672],[588175.2388047682,6338608.44403091],[588162.8708574212,6338587.395714517],[588154.92,6338580.77],[588146.92,6338572.77],[588137.92,6338552.77],[588133.7028958057,6338544.938235067],[588126.1942479637,6338536.461973574],[588120.92,6338532.77],[588107.92,6338526.77],[588093.92,6338504.77],[588088.2724841472,6338497.239978862],[588067.7842122203,6338489.847125508],[588036.2324346089,6338479.540708145],[588008.1866334676,6338456.269803109],[587985.1174786955,6338427.61558484],[587955.3878187996,6338391.692643034],[587919.5368563087,6338338.802530341],[587863.0542514718,6338254.425314339],[587856.93,6338246.77],[587847.93,6338233.77],[587837.93,6338223.77],[587830.93,6338210.77],[587830.93,6338206.43611637],[587818.61347359,6338188.036925818],[587797.9226710107,6338158.762671011],[587788.93,6338149.77],[587789.7156813532,6338147.151062156],[587781.3968226841,6338135.381176118],[587779.93,6338134.77],[587771.93,6338126.77],[587772.3490070237,6338122.579929763],[587758.746751235,6338103.334861796],[587755.93,6338101.77],[587755.93,6338099.349598631],[587752.1624708491,6338094.019133178],[587725.4653283354,6338052.650541409],[587702.4596735671,6338018.2535244385],[587680.611546491,6337973.99455171],[587668.9431569517,6337954.74170897],[587663.3792388882,6337947.335182575],[587643.93,6337928.77],[587641.9334282622,6337918.787141311],[587638.0553238573,6337913.624721176],[587626.0037349208,6337900.604810012],[587624.93,6337900.77],[587614.93,6337893.77],[587614.93,6337888.6413215725],[587604.6097876457,6337877.491899802],[587592.8657326676,6337862.143036297],[587588.93,6337857.77],[587587.8178767996,6337855.545753599],[587571.016557915,6337833.587311583],[587566.93,6337832.77],[587565.8065097661,6337826.778052085],[587538.6304965278,6337791.260429033],[587527.17297839,6337776.54570216],[587524.93,6337776.77],[587524.0943805993,6337772.591902996],[587469.1496624944,6337702.0271864245],[587411.2513738836,6337616.938226193],[587385.2063848393,6337561.15054977],[587384.94,6337560.77],[587384.4974868919,6337559.63210915],[587376.2249016897,6337541.912450844],[587367.94,6337537.77],[587358.94,6337524.77],[587355.94,6337514.77],[587355.94,6337504.77],[587359.3137426032,6337499.713603273],[587349.4451478602,6337474.384118289],[587339.94,6337466.78],[587334.94,6337456.78],[587337.94,6337446.78],[587338.194519721,6337445.507401396],[587337.381130033,6337443.419693629],[587323.6211528917,6337414.852461157],[587320.94,6337413.78],[587321.6796028159,6337410.821588736],[587308.7788059642,6337384.038109451],[587303.94,6337381.78],[587291.94,6337373.78],[587294.94,6337363.78],[587289.94,6337353.78],[587282.94,6337340.78],[587280.94,6337317.78],[587257.94,6337312.78],[587252.94,6337302.78],[587248.94,6337287.78],[587238.94,6337279.78],[587223.94,6337271.78],[587196.94,6337271.78],[587198.94,6337258.78],[587199.94,6337243.78],[587189.94,6337233.78],[587182.94,6337225.78],[587169.94,6337230.78],[587165.94,6337212.78],[587160.95,6337187.78],[587160.95,6337177.78],[587161.95,6337162.78],[587162.9738238071,6337155.101321447],[587162.0159555287,6337151.157004035],[587156.6090066223,6337130.7985975295],[587151.4152323647,6337118.952185892],[587149.95,6337117.78],[587150.5238979944,6337116.919153009],[587147.9411731135,6337111.028249675],[587095.3613564279,6337034.608634573],[587059.5280895048,6336974.333296498],[587014.0623339306,6336865.93959988],[586989.2650022026,6336809.243000441],[586986.95,6336808.78],[586981.95,6336798.78],[586983.7931186878,6336796.732090347],[586981.4324458094,6336791.334649765],[586985.876168425,6336779.13498706],[586984.1952362375,6336772.785784215],[586969.2805106969,6336780.354960693],[586963.5053935186,6336773.624314815],[586959.95,6336770.78],[586951.95,6336768.78],[586947.95,6336767.78],[586950.95,6336750.78],[586953.95,6336740.78],[586945.95,6336725.78],[586946.0624217475,6336725.405260841],[586943.775170513,6336720.977898695],[586932.9376710809,6336702.732401133],[586931.7200388336,6336700.621771559],[586926.95,6336699.78],[586926.95,6336692.353441733],[586878.9554003301,6336609.160160964],[586867.3422126747,6336596.978400721],[586874.7038988826,6336570.481668554],[586874.8220148098,6336569.696845117],[586805.6425058228,6336453.436348658],[586788.6530309274,6336419.962672914],[586785.96,6336416.78],[586785.96,6336414.723125894],[586775.2650058493,6336403.7013262585],[586771.0549880143,6336372.0329721095],[586748.3866205132,6336321.046230193],[586734.6883704722,6336288.598913648],[586728.8565323286,6336284.711021553],[586723.801552071,6336286.94499514],[586721.6014219595,6336270.7302528955],[586722.5161694834,6336269.985472167],[586727.4096641906,6336262.994765442],[586723.5674438905,6336259.814454483],[586722.9637928515,6336253.131708145],[586708.561836104,6336253.229718532],[586705.6346416153,6336248.569285706],[586703.5889166796,6336242.8472640375],[586691.3554920655,6336224.4061036855],[586693.4957447811,6336217.7849545935],[586692.96,6336216.79],[586694.5736597375,6336207.645928154],[586687.2355784879,6336186.682156217],[586683.509643212,6336175.401714481],[586685.7038891198,6336167.441554806],[586680.4766019174,6336160.516867208],[586667.9333629085,6336144.708343849],[586661.5849277904,6336130.956449135],[586649.1500091421,6336126.68643777],[586643.4399225191,6336113.649511052],[586636.5255924871,6336106.667167897],[586631.5290329742,6336089.903789607],[586626.206208494,6336065.338855889],[586608.9333572246,6336052.003435457],[586601.6143755598,6336033.77156334],[586598.96,6336029.79],[586599.4116522224,6336028.284492591],[586592.6093655104,6336011.339727989],[586590.6880075529,6336006.372406042],[586584.96,6336001.79],[586574.96,6335989.79],[586577.96,6335976.79],[586577.96,6335976.689816758],[586574.1532395283,6335956.355891272],[586574.363136758,6335955.999410274],[586573.96,6335954.79],[586560.97,6335953.79],[586550.97,6335951.79],[586541.97,6335935.79],[586544.97,6335913.79],[586536.97,6335900.79],[586524.97,6335890.79],[586522.97,6335880.79],[586530.97,6335868.79],[586537.97,6335848.79],[586525.97,6335825.79],[586504.97,6335787.79],[586502.1019491428,6335784.921949143],[586495.2028852693,6335780.0534545025],[586489.760654852,6335775.706261941],[586479.97,6335771.79],[586467.97,6335771.79],[586452.97,6335766.79],[586452.97,6335741.79],[586455.97,6335728.79],[586456.97,6335708.79],[586456.97,6335688.79],[586454.97,6335673.79],[586457.97,6335661.79],[586459.97,6335648.79],[586447.97,6335626.79],[586427.8950870163,6335595.243708168],[586425.7597733574,6335592.902500462],[586411.97,6335582.79],[586390.97,6335568.79],[586389.97,6335554.79],[586387.97,6335532.79],[586382.97,6335517.79],[586375.97,6335499.79],[586376.4036736831,6335498.922652634],[586365.9620669035,6335472.695138845],[586359.3651076187,6335445.854641518],[586339.9745002361,6335437.253152363],[586340.5027493716,6335425.0265532965],[586339.4318145897,6335418.657035386],[586340.0786083161,6335416.465791586],[585489.9525319212,6335398.762531921],[585526.98,6335435.79],[585544.98,6335470.79],[585555.98,6335500.79],[585572.98,6335530.79],[585590.98,6335556.79],[585603.98,6335576.79],[585614.98,6335599.79],[585624.98,6335632.79],[585639.98,6335662.79],[585662.97,6335685.79],[585687.97,6335728.79],[585732.97,6335800.78],[585753.97,6335837.78],[585777.97,6335879.78],[585809.97,6335922.78],[585847.97,6335973.78],[585880.97,6336009.78],[585913.97,6336046.78],[585936.97,6336076.78],[585962.97,6336104.78],[585990.97,6336133.78],[586019.97,6336183.78],[586036.97,6336226.78],[586062.96,6336280.78],[586082.96,6336308.78],[586099.96,6336333.78],[586120.96,6336347.78],[586155.96,6336377.78],[586187.96,6336420.78],[586200.96,6336443.78],[586221.96,6336479.78],[586231.96,6336508.78],[586233.96,6336532.78],[586228.96,6336564.78],[586230.96,6336598.78],[586227.96,6336621.78],[586230.96,6336643.78],[586247.96,6336672.78],[586270.96,6336720.78],[586292.96,6336753.78],[586306.96,6336785.78],[586322.96,6336815.78],[586354.96,6336861.78],[586376.95,6336901.78],[586406.95,6336944.78],[586434.95,6336982.78],[586461.95,6337018.78],[586492.95,6337065.78],[586505.95,6337091.78],[586527.95,6337126.78],[586530.95,6337157.77],[586532.95,6337190.77],[586521.95,6337209.77],[586494.95,6337220.77],[586471.95,6337219.77],[586438.95,6337214.77],[586433.1721855387,6337212.128713389],[586437.6001803876,6337222.3025567625],[586453.3597059556,6337253.06583529],[586478.906604777,6337294.757804304],[586502.5491698177,6337328.59299729],[586561.6725270816,6337405.955165303],[586584.1863830799,6337435.869805953],[586605.4040498297,6337463.2630337505],[586644.7587888467,6337514.934007443],[586652.8063565532,6337525.147248679],[586731.935135881,6337633.120577613],[586777.7022220717,6337698.657746113],[586797.4809225146,6337727.33572517],[586844.3245771866,6337802.817972181],[586865.3812050321,6337838.53850899],[586939.6397779695,6337955.778406783],[587019.507067253,6338083.293673322],[587041.0977457364,6338117.924086719],[587074.9719810573,6338172.2453845525],[587155.6673291696,6338301.662959046],[587204.8178222188,6338379.236328367],[587246.6702038395,6338439.830235907],[587293.5914772674,6338498.015395745],[587360.0006914105,6338570.4778505545],[587380.7856520545,6338596.362990267],[587490.5680025301,6338713.443108919],[587511.1300994555,6338738.644964665],[587692.3852893536,6338979.149099419],[587727.856759925,6339024.72444066],[587728.780725528,6339025.913337723],[587810.788581378,6339121.476667892],[587888.0011569768,6339210.659049926],[587909.1067954537,6339235.373558919],[588009.8166424552,6339355.359501483],[588154.8955774275,6339530.169276516],[588190.91,6339565.76],[588220.91,6339594.76],[588265.91,6339654.76],[588309.9,6339697.76],[588342.9,6339741.75],[588375.9,6339788.75],[588424.9,6339850.75],[588465.9,6339892.75],[588489.9,6339919.75],[588519.9,6339951.75],[588563.9,6339988.75],[588593.9,6340011.75],[588624.9,6340058.75],[588648.9,6340077.75],[588668.9,6340072.75],[588682.9,6340033.75],[588658.9,6339983.75],[588637.9,6339955.75],[588623.9,6339933.75],[588593.9,6339907.75],[588574.9,6339884.75],[588567.9,6339860.75],[588564.9,6339831.75],[588564.9,6339807.75],[588578.9,6339798.75],[588596.9,6339797.76],[588617.9,6339818.75],[588643.9,6339829.75],[588683.9,6339857.75],[588717.9,6339887.75],[588742.9,6339909.75],[588760.9,6339939.75],[588770.9,6339979.75],[588768.9,6340024.75],[588781.9,6340060.75],[588783.9,6340087.75],[588793.9,6340109.75],[588801.9,6340135.75],[588806.89,6340174.75],[588804.89,6340207.75],[588794.89,6340224.75],[588831.89,6340245.75],[588871.89,6340272.75],[588905.89,6340293.75],[588962.89,6340336.75],[589010.89,6340367.75],[589069.89,6340402.75],[589119.89,6340440.75],[589176.89,6340494.75],[589226.89,6340533.75],[589285.89,6340606.75],[589313.88,6340684.75],[589322.88,6340721.75],[589328.88,6340780.75],[589328.8288997582,6340783.764914271],[589512.9520847353,6340966.600399242],[589602.975250681,6341056.73063852],[590175.8374487225,6341069.247686618],[590173.87,6341065.75]],[[588220.91,6339319.76],[588229.91,6339351.76],[588224.91,6339370.76],[588215.91,6339379.76],[588200.91,6339385.76],[588181.91,6339379.76],[588168.91,6339364.76],[588156.91,6339346.76],[588146.91,6339339.76],[588141.91,6339329.76],[588140.91,6339312.76],[588143.91,6339295.76],[588158.91,6339286.76],[588184.91,6339289.76],[588206.91,6339293.76],[588216.91,6339304.76],[588220.91,6339319.76]],[[586861.94,6337529.77],[586876.94,6337563.77],[586894.94,6337591.77],[586907.94,6337621.77],[586930.94,6337654.77],[586947.94,6337671.77],[586970.94,6337699.77],[586998.94,6337724.77],[587023.94,6337756.77],[587039.94,6337779.77],[587052.94,6337802.77],[587065.94,6337832.77],[587086.94,6337848.77],[587111.94,6337871.77],[587130.94,6337893.77],[587158.94,6337937.77],[587169.94,6337951.77],[587179.93,6337984.77],[587199.93,6338019.77],[587225.93,6338051.77],[587254.93,6338087.77],[587278.93,6338105.77],[587299.93,6338137.77],[587323.93,6338164.77],[587345.93,6338186.77],[587364.93,6338213.77],[587371.93,6338247.77],[587390.93,6338282.77],[587411.93,6338316.77],[587512.93,6338451.77],[587552.93,6338486.77],[587591.92,6338523.77],[587612.92,6338546.76],[587646.92,6338578.76],[587677.92,6338610.76],[587702.92,6338643.76],[587733.92,6338678.76],[587759.92,6338710.76],[587773.92,6338730.76],[587783.92,6338748.76],[587787.92,6338778.76],[587776.92,6338799.76],[587755.92,6338806.76],[587726.92,6338810.76],[587706.92,6338802.76],[587670.92,6338775.76],[587648.92,6338741.76],[587608.92,6338699.76],[587562.92,6338657.76],[587551.92,6338642.76],[587538.92,6338611.76],[587513.92,6338587.76],[587487.93,6338557.76],[587459.93,6338523.76],[587428.93,6338488.76],[587392.93,6338452.77],[587355.93,6338406.77],[587323.93,6338368.77],[587297.93,6338330.77],[587256.93,6338279.77],[587225.93,6338238.77],[587200.93,6338215.77],[587176.93,6338185.77],[587158.93,6338154.77],[587138.93,6338121.77],[587111.93,6338089.77],[587075.93,6338039.77],[587048.94,6337996.77],[587009.94,6337934.77],[586989.94,6337900.77],[586961.94,6337860.77],[586936.94,6337825.77],[586916.94,6337792.77],[586899.94,6337763.77],[586882.94,6337732.77],[586844.94,6337671.77],[586820.94,6337631.77],[586799.94,6337593.77],[586774.94,6337548.77],[586761.94,6337523.77],[586739.94,6337484.77],[586727.94,6337447.77],[586722.95,6337418.77],[586726.95,6337397.77],[586736.95,6337384.77],[586759.95,6337383.77],[586792.94,6337409.77],[586813.94,6337443.77],[586841.94,6337490.77],[586861.94,6337529.77]]]}},{"type":"Feature","properties":{"kind":"landscape","key":"Klit"},"geometry":{"type":"Polygon","coordinates":[[[586392.9,6337043.75],[586435.97,6337052.01],[586399.21,6336976.75],[586288.08,6336765.08],[586171.67,6336563.99],[585997.04,6336347.04],[585934.7690864033,6336289.215507851],[585962.8312739029,6336343.245397607],[586015.3283870365,6336435.2038423065],[586145.1422676692,6336653.64859266],[586190.7676892732,6336730.4222188685],[586213.5591595747,6336768.780961118],[586266.3607625703,6336859.234955046],[586346.2856021352,6336996.168514448],[586347.407003843,6336998.257003843],[586392.9,6337043.75]]]}},{"type":"Feature","properties":{"kind":"landscape","key":"Marin flade"},"geometry":{"type":"MultiPolygon","coordinates":[[[[586171.67,6336563.99],[586288.08,6336765.08],[586399.21,6336976.75],[586435.97,6337052.01],[586510.33,6337204.29],[586663.79,6337278.37],[586843.71,6337273.08],[586981.29,6337241.33],[587170.9527001537,6337201.374488896],[587169.3277908133,6337181.265735972],[587162.0159555287,6337151.157004035],[587156.6090066223,6337130.7985975295],[587147.9411731135,6337111.028249675],[587095.3613564279,6337034.608634573],[587059.5280895048,6336974.333296498],[587014.0623339306,6336865.93959988],[586981.4324458094,6336791.334649765],[586985.876168425,6336779.13498706],[586985.4977895587,6336777.705777606],[586983.158998653,6336773.311671542],[586969.2805106969,6336780.354960693],[586954.6846175954,6336763.344087198],[586962.1656017813,6336756.57569313],[586943.775170513,6336720.977898695],[586932.9376710809,6336702.732401133],[586878.9554003301,6336609.160160964],[586867.3422126747,6336596.978400721],[586874.8901403439,6336569.811334343],[586805.6425058228,6336453.436348658],[586786.0306850929,6336414.795970901],[586775.2650058493,6336403.7013262585],[586771.0549880143,6336372.0329721095],[586748.3866205132,6336321.046230193],[586732.3881285392,6336283.150284962],[586723.801552071,6336286.94499514],[586721.6014219595,6336270.7302528955],[586729.2407272782,6336264.510386502],[586723.5674438905,6336259.814454483],[586722.9637928515,6336253.131708145],[586708.561836104,6336253.229718532],[586705.6346416153,6336248.569285706],[586703.5889166796,6336242.8472640375],[586691.3554920655,6336224.4061036855],[586695.7171576258,6336210.912726126],[586687.2355784879,6336186.682156217],[586683.509643212,6336175.401714481],[586685.7038891198,6336167.441554806],[586680.4766019174,6336160.516867208],[586667.9333629085,6336144.708343849],[586661.5849277904,6336130.956449135],[586649.1500091421,6336126.68643777],[586643.4399225191,6336113.649511052],[586636.5255924871,6336106.667167897],[586631.5290329742,6336089.903789607],[586626.206208494,6336065.338855889],[586608.9333572246,6336052.003435457],[586592.6093655104,6336011.339727989],[586586.5430407748,6335995.656347452],[586579.6156803521,6335985.533683127],[586574.1532395283,6335956.355891272],[586582.2034580006,6335942.683724548],[586577.9797093716,6335938.085257405],[586572.2148562577,6335935.703772821],[586562.9056121357,6335937.579527589],[586537.8578536614,6335892.4681568835],[586533.3896695903,6335871.829794099],[586540.5455998658,6335864.730874138],[586547.7312076851,6335853.6238845885],[586547.8802677486,6335843.349140775],[586536.3014178869,6335841.202035085],[586528.4395518656,6335820.804262709],[586518.2395852731,6335804.555461803],[586524.6043575137,6335795.368752205],[586523.5025177555,6335790.780168954],[586519.7487794105,6335787.995545814],[586506.0015080377,6335787.673769089],[586495.2028852693,6335780.0534545025],[586483.7643586043,6335770.916487814],[586478.968303787,6335769.357198183],[586473.4202475018,6335755.75604281],[586466.6539974869,6335747.151368261],[586461.4900948522,6335716.376548101],[586461.3520354532,6335692.076473542],[586462.8282138333,6335668.133162978],[586458.9306450202,6335637.2735477],[586442.2772960875,6335611.01269769],[586418.4737096278,6335584.913890226],[586390.0217916213,6335533.12901412],[586365.9620669035,6335472.695138845],[586359.3651076187,6335445.854641518],[586339.9745002361,6335437.253152363],[586340.5027493716,6335425.0265532965],[586339.4318145897,6335418.657035386],[586340.0786083161,6335416.465791586],[585451.6277821112,6335397.964446771],[585466.69184123,6335434.677503876],[585485.6111318532,6335474.566110002],[585568.4029082422,6335647.430946765],[585592.7541082501,6335692.566145678],[585610.1620948466,6335721.478131456],[585615.8769009497,6335730.972608436],[585622.0479764794,6335741.222625815],[585655.8851499169,6335790.47477931],[585685.1723486272,6335829.1878669765],[585723.0867045493,6335879.293663919],[585759.1639135294,6335930.408347942],[585785.0723776993,6335971.1787798125],[585809.1334777706,6336013.469885079],[585840.5387472012,6336076.725771473],[585880.2954150367,6336166.869291363],[585927.6163084065,6336275.443815725],[585934.7690864033,6336289.215507851],[585997.04,6336347.04],[586171.67,6336563.99]]],[[[589111.6577681632,6339887.1420822255],[589095.2928821361,6339879.338331275],[589078.5464914483,6339873.798051226],[589054.1911987924,6339860.331818155],[589039.5862212689,6339845.7736568125],[589016.6976873555,6339824.566744143],[588998.6113052507,6339806.047183071],[588966.6276341623,6339770.401661995],[588939.7640726101,6339738.107415382],[588915.3049289735,6339714.2726045335],[588896.3396895622,6339684.610139063],[588848.5148474177,6339623.179010902],[588818.7169956412,6339591.457049366],[588781.3096254211,6339551.4868934415],[588759.3769427988,6339521.415956675],[588717.9610200438,6339451.082536243],[588695.8209897404,6339409.816302698],[588659.9608252032,6339358.221768821],[588643.4772671311,6339325.173128112],[588626.2623274487,6339296.318053511],[588596.2730651889,6339258.123987538],[588576.2498410603,6339224.03073256],[588559.7927863267,6339189.69132075],[588548.5050747456,6339156.754815607],[588534.3194501172,6339137.675452955],[588514.2609718269,6339120.08460152],[588487.8209457207,6339097.82462365],[588480.0578473158,6339081.4779950995],[588476.8700336335,6339062.021487673],[588442.76,6339010.86],[588426.4985515579,6338975.971859875],[588409.840821585,6338952.747443902],[588383.3609271708,6338932.269014688],[588364.1556663787,6338920.209321159],[588355.3694685316,6338914.029986345],[588349.6725191793,6338907.593989345],[588347.183618014,6338895.080003887],[588350.5167667986,6338883.169695841],[588359.7367826207,6338869.125137573],[588366.6521973984,6338856.812845532],[588367.8429667138,6338850.129179228],[588341.42,6338793.44],[588245.4880118569,6338682.674331254],[588219.88353009,6338659.58726548],[588175.2388047682,6338608.44403091],[588162.663654745,6338587.043087896],[588083.347966194,6338495.463048178],[588067.7842122203,6338489.847125508],[588036.2324346089,6338479.540708145],[588008.1866334676,6338456.269803109],[587985.1174786955,6338427.61558484],[587955.3878187996,6338391.692643034],[587919.5368563087,6338338.802530341],[587818.61347359,6338188.036925818],[587752.1624708491,6338094.019133178],[587725.4653283354,6338052.650541409],[587702.4596735671,6338018.2535244385],[587675.255511765,6337963.144532665],[587638.0553238573,6337913.624721176],[587604.6097876457,6337877.491899802],[587538.6304965278,6337791.260429033],[587469.1496624944,6337702.0271864245],[587411.2513738836,6337616.938226193],[587373.3838113361,6337535.826910587],[587337.381130033,6337443.419693629],[587303.8112282124,6337373.724869319],[587284.1861286558,6337319.870594616],[587277.6487116003,6337306.5674650455],[587236.05,6337300.56],[587007.75,6337368.33],[586864.88,6337363.04],[586621.46,6337389.5],[586501.8906277531,6337327.650548879],[586502.5491698177,6337328.59299729],[586561.6725270816,6337405.955165303],[586584.1863830799,6337435.869805953],[586605.4040498297,6337463.2630337505],[586644.7587888467,6337514.934007443],[586652.8063565532,6337525.147248679],[586731.935135881,6337633.120577613],[586777.7022220717,6337698.657746113],[586797.4809225146,6337727.33572517],[586844.3245771866,6337802.817972181],[586865.3812050321,6337838.53850899],[586939.6397779695,6337955.778406783],[587019.507067253,6338083.293673322],[587041.0977457364,6338117.924086719],[587074.9719810573,6338172.2453845525],[587155.6673291696,6338301.662959046],[587204.8178222188,6338379.236328367],[587246.6702038395,6338439.830235907],[587293.5914772674,6338498.015395745],[587360.0006914105,6338570.4778505545],[587380.7856520545,6338596.362990267],[587490.5680025301,6338713.443108919],[587511.1300994555,6338738.644964665],[587692.3852893536,6338979.149099419],[587727.856759925,6339024.72444066],[587728.780725528,6339025.913337723],[587810.788581378,6339121.476667892],[587888.0011569768,6339210.659049926],[587909.1067954537,6339235.373558919],[588009.8166424552,6339355.359501483],[588232.8678005624,6339624.120247329],[588247.0178442658,6339641.171173703],[588284.8529858588,6339686.75781431],[588308.2784360601,6339714.987397715],[588365.2203292202,6339783.455987796],[588428.3009472585,6339859.306447475],[588486.6857357611,6339925.424832552],[588773.405787354,6340228.602435687],[588909.9222210881,6340365.0964237],[589294.0565462644,6340749.234825608],[589327.1535125702,6340782.101244218],[589512.9520847353,6340966.600399242],[589602.975250681,6341056.73063852],[590219.8824972722,6341070.210071626],[590187.8326000895,6341048.479001183],[590182.4085075741,6341052.623682373],[590171.078448669,6341059.168267155],[590164.0920736989,6341059.995189231],[590156.96873761,6341059.3492143145],[590149.9079861366,6341056.121145385],[590097.631070704,6341008.062136033],[590089.0231574273,6341001.236902252],[590075.7204726541,6340999.052760528],[590069.2801641972,6340998.121222281],[590067.434389542,6340987.735805222],[590048.5591120018,6340989.984330464],[590043.2817215672,6340965.448387024],[590028.098411303,6340966.898041318],[590027.1453327483,6340947.467737156],[590015.9726126991,6340939.628912608],[590004.3498415935,6340935.510727587],[590004.7260162857,6340919.962431939],[589980.1099625694,6340916.907698249],[589978.0531653529,6340886.852144849],[589928.9918364566,6340832.228843145],[589874.9742556604,6340781.707252037],[589814.8405649175,6340723.068736104],[589730.4011059786,6340616.753111656],[589701.1626403272,6340574.702617867],[589654.3198448584,6340522.224669919],[589609.7648844861,6340483.716609712],[589585.334967534,6340458.920513092],[589564.3489671408,6340440.012270577],[589522.8098479642,6340396.715679903],[589474.2279193741,6340364.268481495],[589450.6770647337,6340344.013391162],[589441.6203848561,6340327.959563815],[589438.2282135813,6340304.913134921],[589430.6108290815,6340281.3072523745],[589411.0145128117,6340259.011396663],[589380.9062174789,6340226.966528816],[589347.6193379939,6340206.834830358],[589334.7236067131,6340203.314597202],[589314.5777520739,6340209.102405837],[589303.5273366641,6340210.243564063],[589292.4748808668,6340207.576335769],[589284.0380614195,6340204.152949179],[589277.1995952534,6340198.102826071],[589275.0190324743,6340193.846300582],[589276.1143665493,6340188.213167745],[589292.0306991406,6340168.402836453],[589293.6147310981,6340162.535321056],[589291.7920478717,6340156.827784877],[589287.2003281186,6340148.075873729],[589276.2116470254,6340142.737536519],[589262.4445050588,6340142.038221196],[589247.0124157242,6340147.037695407],[589238.9100632337,6340146.862110031],[589231.5947477092,6340144.120138757],[589227.8873761859,6340139.184694298],[589227.123636357,6340133.422185372],[589228.4555338909,6340128.028014775],[589232.4933118135,6340117.436479882],[589234.8296665758,6340106.975114361],[589231.4697269402,6340089.909411033],[589198.7733397826,6340042.431651423],[589164.910591694,6340003.837385421],[589147.8404102857,6339983.401531664],[589131.5066939755,6339959.09537864],[589124.9437884178,6339932.740211646],[589118.1620706719,6339895.486742098],[589116.7375188641,6339893.519484105],[589111.6577681632,6339887.1420822255]]]]}},{"type":"Feature","properties":{"kind":"landscape","key":"Antropogent landskab"},"geometry":{"type":"MultiPolygon","coordinates":[[[[590603.6755422544,6340958.868104138],[590609.1012268339,6340954.611759537],[590601.5370709188,6340946.7448692],[590539.8080809222,6340987.620021371],[590547.5128193037,6340995.660881874],[590603.6755422544,6340958.868104138]]],[[[590372.333123876,6340912.848548322],[590365.9368398427,6340912.385214023],[590187.8326000895,6341048.479001183],[590219.8824972722,6341070.210071626],[590301.4943745176,6341071.993292436],[590260.6142170351,6341018.102067465],[590279.3262966723,6341003.178524359],[590308.9079881165,6340980.408975001],[590338.3381874672,6340957.948103878],[590356.4161125926,6340945.783767192],[590389.9058233559,6340989.308355587],[590411.4580016027,6340972.128076544],[590377.2826620742,6340917.545103506],[590372.333123876,6340912.848548322]]],[[[590351.057647879,6341066.844768179],[590336.7273704032,6341072.7662755195],[590363.0736658203,6341073.344488822],[590392.5664194904,6341068.615153607],[590388.9847258626,6341064.337142456],[590355.5503435747,6341069.493445195],[590351.057647879,6341066.844768179]]]]}},{"type":"Feature","properties":{"kind":"landscape","key":"Erosionsdal"},"geometry":{"type":"Polygon","coordinates":[[[586621.46,6337389.5],[586864.88,6337363.04],[587007.75,6337368.33],[587236.05,6337300.56],[587235.36,6337300.46],[587214.99,6337298.42],[587211.93,6337289.76],[587197.9037499061,6337235.127073269],[587188.9401148268,6337228.393357093],[587176.724772799,6337215.3516110685],[587171.1304810272,6337203.574581892],[587170.9527001537,6337201.374488896],[586981.29,6337241.33],[586843.71,6337273.08],[586663.79,6337278.37],[586510.33,6337204.29],[586435.97,6337052.01],[586392.9,6337043.75],[586347.407003843,6336998.257003843],[586357.2428378104,6337016.575180808],[586366.8195149599,6337036.463003955],[586377.2419488595,6337063.617651977],[586421.5280675403,6337185.374971168],[586437.6001803876,6337222.3025567625],[586453.3597059556,6337253.06583529],[586478.906604777,6337294.757804304],[586501.8906277531,6337327.650548879],[586621.46,6337389.5]]]}},{"type":"Feature","properties":{"kind":"class","key":"possible"},"geometry":{"type":"Polygon","coordinates":[[[585485.6111318532,6335474.566110002],[585568.4029082422,6335647.430946765],[585592.7541082501,6335692.566145678],[585610.1620948466,6335721.478131456],[585615.8769009497,6335730.972608436],[585622.0479764794,6335741.222625815],[585655.8851499169,6335790.47477931],[585685.1723486272,6335829.1878669765],[585723.0867045493,6335879.293663919],[585759.1639135294,6335930.408347942],[585785.0723776993,6335971.1787798125],[585809.1334777706,6336013.469885079],[585840.5387472012,6336076.725771473],[585880.2954150367,6336166.869291363],[585927.6163084065,6336275.443815725],[585934.7690864037,6336289.215507851],[585962.8312739029,6336343.245397607],[586015.3283870365,6336435.2038423065],[586145.1422676692,6336653.64859266],[586190.7676892732,6336730.4222188685],[586213.5591595747,6336768.780961118],[586266.3607625703,6336859.234955046],[586346.2856021352,6336996.168514448],[586347.407003843,6336998.257003843],[586357.2428378104,6337016.575180808],[586366.8195149599,6337036.463003955],[586377.2419488595,6337063.617651977],[586421.5280675403,6337185.374971168],[586433.1721855388,6337212.128713389],[586437.6001803876,6337222.3025567625],[586453.3597059556,6337253.06583529],[586478.906604777,6337294.757804304],[586501.8906277531,6337327.650548879],[586502.5491698177,6337328.59299729],[586561.6725270816,6337405.955165303],[586584.1863830799,6337435.869805953],[586605.4040498297,6337463.2630337505],[586644.7587888467,6337514.934007443],[586652.8063565532,6337525.147248679],[586731.935135881,6337633.120577613],[586777.7022220717,6337698.657746113],[586797.4809225146,6337727.33572517],[586844.3245771866,6337802.817972181],[586865.3812050321,6337838.53850899],[586939.6397779695,6337955.778406783],[587019.507067253,6338083.293673322],[587041.0977457364,6338117.924086719],[587074.9719810573,6338172.2453845525],[587155.6673291696,6338301.662959046],[587204.8178222188,6338379.236328367],[587246.6702038395,6338439.830235907],[587293.5914772674,6338498.015395745],[587360.0006914105,6338570.4778505545],[587380.7856520545,6338596.362990267],[587490.5680025301,6338713.443108919],[587511.1300994555,6338738.644964665],[587692.3852893536,6338979.149099419],[587727.856759925,6339024.72444066],[587728.780725528,6339025.913337723],[587810.788581378,6339121.476667892],[587888.0011569768,6339210.659049926],[587909.1067954537,6339235.373558919],[588009.8166424552,6339355.359501483],[588154.8955774275,6339530.169276516],[588232.8678005624,6339624.120247329],[588247.0178442658,6339641.171173703],[588258.2960424436,6339654.76],[588284.8529858588,6339686.75781431],[588308.2784360601,6339714.987397715],[588365.2203292202,6339783.455987796],[588428.3009472585,6339859.306447475],[588486.6857357611,6339925.424832552],[588682.2351323395,6340132.198642125],[588720.895235839,6340173.077811374],[588770.6772358723,6340225.717267057],[588773.405787354,6340228.602435687],[588909.9222210881,6340365.0964237],[589294.0565462644,6340749.234825608],[589327.1535125702,6340782.101244218],[589328.8288997582,6340783.764914271],[589512.9520847353,6340966.600399242],[589602.975250681,6341056.73063852],[590175.8374487225,6341069.247686618],[590173.87,6341065.75],[590170.4453683558,6341059.2431998765],[590164.0920736989,6341059.995189231],[590156.96873761,6341059.3492143145],[590149.9079861366,6341056.121145385],[590097.631070704,6341008.062136033],[590089.0231574273,6341001.236902252],[590075.7204726541,6340999.052760528],[590069.2801641972,6340998.121222281],[590067.434389542,6340987.735805222],[590048.5591120018,6340989.984330464],[590044.6736207955,6340971.919683997],[590040.87,6340968.75],[590037.3181063149,6340966.017774088],[590028.098411303,6340966.898041318],[590027.6885699049,6340958.54265132],[590020.87,6340950.75],[590015.6312017897,6340939.507943755],[590004.3498415935,6340935.510727587],[590004.532513175,6340927.960427646],[590001.88,6340925.75],[589998.6065156971,6340919.203031394],[589980.1099625694,6340916.907698249],[589978.9837964784,6340900.4512654925],[589976.88,6340899.75],[589966.88,6340889.75],[589969.88,6340879.75],[589957.88,6340864.75],[589945.88,6340851.75],[589940.2067206288,6340844.715133579],[589928.9918364566,6340832.228843145],[589874.9742556604,6340781.707252037],[589814.8405649175,6340723.068736104],[589730.4011059786,6340616.753111656],[589719.4837551446,6340601.051877572],[589708.88,6340595.75],[589703.88,6340585.75],[589704.5041634195,6340579.508365805],[589701.1626403272,6340574.702617867],[589654.3198448584,6340522.224669919],[589629.375787521,6340500.665964587],[589623.88,6340499.75],[589622.2385573101,6340494.497383392],[589609.7648844861,6340483.716609712],[589602.1648738249,6340476.002682602],[589598.88,6340475.75],[589591.88,6340465.75],[589591.833237006,6340465.516185029],[589585.334967534,6340458.920513092],[589564.3489671408,6340440.012270577],[589522.8098479642,6340396.715679903],[589474.2279193741,6340364.268481495],[589450.6770647337,6340344.013391162],[589441.6203848561,6340327.959563815],[589441.365090127,6340326.225090127],[589434.89,6340319.75],[589432.89,6340309.75],[589412.89,6340299.75],[589405.89,6340289.75],[589425.89,6340282.75],[589426.3122337768,6340276.416493349],[589411.0145128117,6340259.011396663],[589410.5446735343,6340258.511337215],[589403.89,6340254.75],[589389.89,6340241.75],[589379.89,6340228.75],[589379.3443889157,6340226.021944579],[589347.6193379939,6340206.834830358],[589334.7236067131,6340203.314597202],[589317.8049506036,6340208.175246982],[589314.89,6340222.75],[589304.89,6340226.75],[589289.89,6340221.75],[589287.89,6340206.75],[589287.2413746959,6340205.452749392],[589284.0380614195,6340204.152949179],[589277.1995952534,6340198.102826071],[589275.0190324743,6340193.846300582],[589275.589983741,6340190.909986992],[589272.89,6340188.75],[589265.89,6340175.75],[589265.89,6340165.75],[589273.89,6340158.75],[589288.89,6340156.75],[589288.89,6340151.296422667],[589287.2003281186,6340148.075873729],[589276.2116470254,6340142.737536519],[589262.4445050588,6340142.038221196],[589247.0124157242,6340147.037695407],[589238.9100632337,6340146.862110031],[589231.5947477092,6340144.120138757],[589227.8873761859,6340139.184694298],[589227.123636357,6340133.422185372],[589227.6852568564,6340131.147628428],[589226.89,6340130.75],[589224.89,6340112.75],[589224.89,6340100.75],[589215.89,6340069.75],[589205.89,6340059.75],[589195.89,6340054.75],[589191.89,6340041.75],[589186.89,6340029.75],[589174.89,6340021.75],[589159.89,6340008.75],[589152.89,6340000.75],[589149.89,6339988.75],[589142.89,6339980.75],[589135.89,6339967.75],[589128.89,6339955.76],[589125.89,6339942.76],[589123.89,6339927.76],[589118.9,6339917.76],[589111.9,6339899.76],[589109.9,6339887.76],[589106.1644963818,6339884.522563531],[589095.2928821361,6339879.338331275],[589081.4541368826,6339874.76],[589079.9,6339874.76],[589069.9,6339878.76],[589057.9,6339868.76],[589042.9,6339860.76],[589040.9,6339850.76],[589041.6358268913,6339847.816692434],[589039.5862212689,6339845.7736568125],[589016.6976873555,6339824.566744143],[588998.6113052507,6339806.047183071],[588969.5133885919,6339773.617810012],[588962.9,6339769.76],[588963.7465551093,6339766.938149636],[588939.7640726101,6339738.107415382],[588915.3049289735,6339714.2726045335],[588912.5357113323,6339709.941426799],[588908.9,6339707.76],[588896.9,6339690.76],[588891.9,6339679.76],[588882.9,6339667.76],[588883.0257954479,6339667.508409104],[588848.5148474177,6339623.179010902],[588818.7169956412,6339591.457049366],[588781.3096254211,6339551.4868934415],[588759.3769427988,6339521.415956675],[588745.4775445303,6339497.811696353],[588743.9,6339496.76],[588743.4071370829,6339494.295685414],[588717.9610200438,6339451.082536243],[588695.8209897404,6339409.816302698],[588659.9608252032,6339358.221768821],[588646.1470782831,6339330.525954798],[588637.91,6339324.76],[588634.3762794217,6339309.918373571],[588626.2623274487,6339296.318053511],[588601.1381455535,6339264.320111964],[588593.91,6339258.76],[588593.106253792,6339252.731903439],[588584.346994041,6339237.817638175],[588577.91,6339232.76],[588567.91,6339222.76],[588564.91,6339212.76],[588557.91,6339204.76],[588545.91,6339196.76],[588535.91,6339191.76],[588535.91,6339179.76],[588550.91,6339169.76],[588551.867863098,6339166.567123006],[588548.5050747456,6339156.754815607],[588540.4316405333,6339145.896218738],[588531.91,6339144.76],[588521.91,6339151.76],[588511.91,6339148.76],[588504.91,6339141.76],[588506.91,6339128.76],[588515.3108762605,6339121.00534499],[588514.2609718269,6339120.08460152],[588495.6057302459,6339104.378669041],[588489.91,6339108.76],[588477.91,6339095.76],[588465.91,6339090.76],[588457.91,6339082.76],[588468.91,6339070.76],[588463.91,6339060.76],[588456.91,6339047.76],[588439.91,6339027.76],[588439.91,6339012.76],[588432.91,6339001.76],[588424.91,6338994.76],[588417.91,6338986.76],[588417.91,6338974.76],[588410.91,6338966.76],[588398.91,6338956.76],[588398.91,6338944.294009286],[588383.3609271708,6338932.269014688],[588364.1556663787,6338920.209321159],[588355.3694685316,6338914.029986345],[588349.6725191793,6338907.593989345],[588347.183618014,6338895.080003887],[588347.2946505103,6338894.683252551],[588344.91,6338882.76],[588342.91,6338864.76],[588343.91,6338844.76],[588353.92,6338830.76],[588356.5329231026,6338825.864035336],[588341.42,6338793.44],[588325.9397244835,6338775.566055103],[588319.92,6338776.77],[588307.92,6338771.77],[588300.92,6338763.77],[588292.92,6338748.77],[588293.7812492029,6338738.435009565],[588245.4880118569,6338682.674331254],[588219.88353009,6338659.58726548],[588213.1753761432,6338651.902669185],[588210.92,6338651.77],[588195.92,6338646.77],[588183.92,6338623.77],[588182.034819168,6338616.229276672],[588175.2388047682,6338608.44403091],[588162.8708574212,6338587.395714517],[588154.92,6338580.77],[588146.92,6338572.77],[588143.2622822665,6338564.641738369],[588112.1552693177,6338528.724739685],[588107.92,6338526.77],[588100.8772789097,6338515.702866858],[588083.347966194,6338495.463048178],[588067.7842122203,6338489.847125508],[588036.2324346089,6338479.540708145],[588008.1866334676,6338456.269803109],[587985.1174786955,6338427.61558484],[587955.3878187996,6338391.692643034],[587919.5368563087,6338338.802530341],[587863.0542514718,6338254.425314339],[587856.93,6338246.77],[587847.93,6338233.77],[587837.93,6338223.77],[587830.93,6338210.77],[587830.93,6338206.43611637],[587818.61347359,6338188.036925818],[587797.9226710107,6338158.762671011],[587788.93,6338149.77],[587789.7156813532,6338147.151062156],[587782.5743283653,6338137.047162791],[587781.3968226841,6338135.381176118],[587779.93,6338134.77],[587771.93,6338126.77],[587772.3490070237,6338122.579929763],[587766.4835643719,6338114.281244292],[587758.746751235,6338103.334861796],[587755.93,6338101.77],[587755.93,6338099.349598631],[587752.1624708491,6338094.019133178],[587725.4653283354,6338052.650541409],[587702.4596735671,6338018.2535244385],[587680.611546491,6337973.99455171],[587668.9431569517,6337954.74170897],[587664.4031873309,6337948.698233051],[587663.3792388882,6337947.335182575],[587643.93,6337928.77],[587641.9334282622,6337918.787141311],[587638.0553238573,6337913.624721176],[587626.0037349208,6337900.604810012],[587624.93,6337900.77],[587614.93,6337893.77],[587614.93,6337888.6413215725],[587604.6097876457,6337877.491899802],[587592.8657326676,6337862.143036297],[587588.93,6337857.77],[587587.8178767996,6337855.545753599],[587571.016557915,6337833.587311583],[587566.93,6337832.77],[587565.8065097661,6337826.778052085],[587538.6304965278,6337791.260429033],[587527.17297839,6337776.54570216],[587524.93,6337776.77],[587524.0943805993,6337772.591902996],[587469.1496624944,6337702.0271864245],[587411.2513738836,6337616.938226193],[587385.2063848393,6337561.15054977],[587384.94,6337560.77],[587384.4974868919,6337559.63210915],[587376.2249016897,6337541.912450844],[587367.94,6337537.77],[587358.94,6337524.77],[587355.94,6337514.77],[587355.94,6337504.77],[587359.3137426032,6337499.713603273],[587355.1672884633,6337489.070999072],[587349.4451478602,6337474.384118289],[587339.94,6337466.78],[587334.94,6337456.78],[587337.94,6337446.78],[587338.194519721,6337445.507401396],[587337.381130033,6337443.419693629],[587323.6211528917,6337414.852461157],[587320.94,6337413.78],[587321.6796028159,6337410.821588736],[587317.5978632469,6337402.347446522],[587308.7788059642,6337384.038109451],[587303.94,6337381.78],[587291.94,6337373.78],[587294.94,6337363.78],[587289.94,6337353.78],[587282.94,6337340.78],[587280.94,6337317.78],[587257.94,6337312.78],[587253.0581105037,6337303.016221008],[587236.05,6337300.56],[587235.36,6337300.46],[587214.99,6337298.42],[587211.93,6337289.76],[587207.3138830945,6337271.78],[587196.94,6337271.78],[587198.94,6337258.78],[587199.94,6337243.78],[587189.94,6337233.78],[587182.94,6337225.78],[587169.94,6337230.78],[587165.94,6337212.78],[587163.9575968301,6337202.848120391],[587160.95,6337187.78],[587160.95,6337177.78],[587161.95,6337162.78],[587162.9738238071,6337155.101321447],[587162.0159555287,6337151.157004035],[587156.6090066223,6337130.7985975295],[587151.4152323643,6337118.952185892],[587149.95,6337117.78],[587150.5238979944,6337116.919153009],[587147.9411731135,6337111.028249675],[587095.3613564279,6337034.608634573],[587059.5280895048,6336974.333296498],[587014.0623339306,6336865.93959988],[586989.2650022026,6336809.243000441],[586986.95,6336808.78],[586981.95,6336798.78],[586983.7931186878,6336796.732090347],[586981.4324458094,6336791.334649765],[586985.876168425,6336779.13498706],[586985.4977895587,6336777.705777606],[586983.158998653,6336773.311671542],[586969.2805106969,6336780.354960693],[586963.5053935176,6336773.624314814],[586959.95,6336770.78],[586951.95,6336768.78],[586947.95,6336767.78],[586950.95,6336750.78],[586953.95,6336740.78],[586945.95,6336725.78],[586946.0624217474,6336725.405260841],[586943.775170513,6336720.977898695],[586932.9376710809,6336702.732401133],[586931.7200388336,6336700.621771559],[586926.95,6336699.78],[586926.95,6336692.353441733],[586878.9554003301,6336609.160160964],[586867.3422126747,6336596.978400721],[586874.7038988826,6336570.481668554],[586874.8220148098,6336569.696845117],[586805.6425058228,6336453.436348658],[586788.6530309273,6336419.962672914],[586785.96,6336416.78],[586785.96,6336414.723125894],[586775.2650058493,6336403.7013262585],[586771.0549880143,6336372.0329721095],[586748.3866205132,6336321.046230193],[586734.688370472,6336288.598913648],[586728.8565323286,6336284.711021553],[586723.801552071,6336286.94499514],[586721.6014219595,6336270.7302528955],[586722.5161694834,6336269.985472167],[586722.5161694837,6336269.985472167],[586727.4096641905,6336262.994765442],[586723.5674438905,6336259.814454483],[586722.9637928515,6336253.131708145],[586708.561836104,6336253.229718532],[586705.6346416153,6336248.569285706],[586703.5889166796,6336242.8472640375],[586691.3554920655,6336224.4061036855],[586693.4957447811,6336217.7849545935],[586692.96,6336216.79],[586694.5736597375,6336207.645928154],[586687.2355784879,6336186.682156217],[586683.509643212,6336175.401714481],[586685.7038891198,6336167.441554806],[586680.4766019174,6336160.516867208],[586667.9333629085,6336144.708343849],[586661.5849277904,6336130.956449135],[586649.1500091421,6336126.68643777],[586643.4399225191,6336113.649511052],[586636.5255924871,6336106.667167897],[586631.5290329742,6336089.903789607],[586626.206208494,6336065.338855889],[586608.9333572246,6336052.003435457],[586601.6143755598,6336033.77156334],[586598.96,6336029.79],[586599.4116522223,6336028.284492591],[586592.6093655104,6336011.339727989],[586590.6880075528,6336006.372406042],[586584.96,6336001.79],[586574.96,6335989.79],[586577.96,6335976.79],[586577.96,6335976.689816758],[586574.1532395283,6335956.355891272],[586574.3631367579,6335955.999410274],[586573.96,6335954.79],[586560.97,6335953.79],[586550.97,6335951.79],[586541.97,6335935.79],[586544.97,6335913.79],[586536.97,6335900.79],[586524.97,6335890.79],[586522.97,6335880.79],[586530.97,6335868.79],[586537.97,6335848.79],[586525.97,6335825.79],[586504.97,6335787.79],[586502.1019491436,6335784.9219491435],[586495.2028852693,6335780.0534545025],[586489.760654852,6335775.706261941],[586479.97,6335771.79],[586467.97,6335771.79],[586452.97,6335766.79],[586452.97,6335741.79],[586455.97,6335728.79],[586456.97,6335708.79],[586456.97,6335688.79],[586454.97,6335673.79],[586457.97,6335661.79],[586459.97,6335648.79],[586447.97,6335626.79],[586427.895087017,6335595.243708169],[586425.7597733564,6335592.902500461],[586411.97,6335582.79],[586390.97,6335568.79],[586389.97,6335554.79],[586387.97,6335532.79],[586382.97,6335517.79],[586375.97,6335499.79],[586376.4036736831,6335498.922652634],[586365.9620669035,6335472.695138845],[586359.3651076187,6335445.854641518],[586339.9745002361,6335437.253152363],[586340.5027493716,6335425.0265532965],[586339.4318145897,6335418.657035386],[586340.0786083161,6335416.465791586],[585489.9525319212,6335398.762531921],[585451.6277821112,6335397.964446771],[585466.69184123,6335434.677503876],[585485.6111318532,6335474.566110002]]]}},{"type":"Feature","properties":{"kind":"crop","key":"Udvalgte korn-, majs-, raps- og andre dyrkningsafgrøder"},"geometry":{"type":"MultiPolygon","coordinates":[[[[585882.095,6335468.739],[585893.018,6335482.059],[585987.1874584374,6335409.117089042],[585832.3757576531,6335405.893247528],[585864.249,6335446.978],[585874.73,6335459.759],[585877.544,6335463.19],[585878.315,6335464.13],[585882.095,6335468.739]]],[[[586165.098,6335696.359],[586084.619,6335742.986],[586033.882,6335772.956],[586006.638,6335788.868],[585981.991,6335803.246],[585981.637,6335803.456],[585898.048,6335853.805],[585803.23,6335912.732],[585806.897,6335919.656],[585812.787,6335934.584],[585816.914,6335949.512],[585822.646,6335962.016],[585830.451,6335967.563],[585844.253,6335972.757],[585851.138,6335977.721],[585859.456,6335988.228],[585882.198,6336020.255],[585913.838,6336064.495],[585914.834,6336066.059],[585915.416,6336066.059],[585924.226,6336080.802],[585924.239,6336080.823],[585928.52,6336087.544],[585939.318,6336103.695],[585954.804,6336127.075],[585975.13,6336152.782],[586184.822,6336052.045],[586250.009,6336020.614],[586255.753,6336017.796],[586261.402,6336024.78],[586292.986,6336091.107],[586364.652,6336057.753],[586440.551,6336021.929],[586463.262,6336011.06],[586481.587,6336001.934],[586377.364,6335793.139],[585984.177,6335998.88],[585982.945,6335996.18],[586375.816,6335790.519],[586291.569,6335622.993],[586233.663,6335656.5],[586192.293,6335680.673],[586165.098,6335696.359]]],[[[586432.693,6336029.23],[586428.218,6336031.289],[586422.081,6336034.113],[586420.677,6336034.759],[586420.513,6336034.835],[586420.35,6336034.91],[586419.644,6336035.235],[586419.58,6336035.264],[586419.456,6336035.321],[586419.276,6336035.404],[586418.937,6336035.56],[586416.85,6336036.52],[586409.816,6336039.757],[586406.665,6336041.207],[586403.062,6336042.865],[586402.997,6336042.895],[586402.995,6336042.896],[586365.723,6336060.047],[586291.943,6336095.047],[586299.92,6336112.737],[586300.404,6336113.811],[586300.473,6336113.965],[586300.533,6336114.098],[586301.102,6336115.361],[586301.314,6336115.83],[586308.995,6336132.863],[586318.963,6336154.967],[586344.863,6336214.327],[586388.147,6336313.011],[586391.625,6336320.563],[586393.523,6336322.292],[586394.234,6336322.94],[586421.915,6336386.277],[586437.469,6336421.87],[586438.679,6336424.639],[586438.704,6336424.689],[586438.72,6336424.729],[586436.941,6336425.566],[586437.543,6336426.987],[586389.803,6336450.647],[586350.996,6336469.195],[586313.643,6336487.047],[586313.642,6336487.047],[586289.597,6336498.924],[586267.442,6336509.867],[586252.423,6336516.847],[586233.442,6336525.667],[586243.23,6336545.689],[586251.922,6336563.468],[586262.842,6336590.348],[586281.073,6336580.725],[586305.242,6336567.968],[586404.8,6336517.474],[586529.383,6336454.287],[586543.786,6336446.834],[586555.95,6336440.539],[586556.004,6336440.511],[586556.114,6336440.454],[586557.302,6336439.839],[586567.795,6336434.409],[586583.084,6336426.497],[586590.857,6336422.475],[586591.12,6336422.339],[586595.567,6336420.038],[586603.735,6336415.811],[586617.033,6336408.93],[586647.544,6336393.141],[586661.403,6336385.969],[586636.429,6336328.605],[586642.22,6336307.127],[586521.54,6336004.727],[586519.3,6335998.567],[586517.34,6335993.527],[586515.664,6335989.66],[586488.988,6336002.619],[586488.786,6336002.73],[586488.647,6336002.785],[586483.338,6336005.309],[586443.003,6336024.487],[586434.605,6336028.351],[586433.223,6336028.987],[586432.83,6336029.167],[586432.693,6336029.23]]],[[[586490.083,6336635.8],[586483.692,6336639.185],[586482.661,6336639.731],[586482.411,6336639.863],[586482.19,6336639.98],[586481.699,6336640.24],[586480.978,6336640.622],[586479.475,6336641.418],[586477.3,6336642.57],[586469.775,6336646.938],[586465.287,6336649.543],[586463.717,6336650.454],[586463.221,6336650.742],[586463.149,6336650.784],[586463.134,6336650.793],[586463.053,6336650.84],[586458.889,6336653.257],[586451.903,6336657.312],[586430.039,6336669.851],[586429.484,6336670.169],[586429.292,6336670.279],[586428.948,6336670.476],[586404.35,6336684.583],[586377.912,6336700.1],[586384.795,6336718.169],[586384.795,6336718.17],[586410.112,6336783.054],[586445.492,6336869.562],[586452.952,6336884.694],[586424.13,6336900.37],[586423.744,6336899.529],[586397.816,6336912.698],[586387.036,6336902.758],[586367.576,6336891.418],[586358.642,6336888.977],[586345.637,6336887.881],[586334.536,6336892.958],[586320.676,6336901.638],[586311.792,6336907.782],[586310.83,6336913.729],[586311.016,6336917.516],[586312.472,6336921.304],[586331.12,6336955.243],[586350.615,6336990.029],[586370.33,6336979.118],[586400.248,6336962.074],[586422.892,6336951.154],[586432.692,6336948.214],[586433.708,6336949.992],[586435.601,6336949.788],[586437.872,6336953.814],[586514.722,6337079.969],[586531.696,6337076.318],[586551.822,6337071.429],[586560.362,6337073.809],[586587.869,6337097.638],[586626.51,6337129.947],[586633.163,6337136.669],[586637.503,6337143.949],[586641.843,6337154.029],[586648.563,6337171.249],[586658.733,6337197.633],[586664.523,6337210.869],[586679.643,6337244.469],[586691.787,6337254.435],[586692.801,6337254.008],[586699.943,6337261.129],[586708.903,6337270.089],[586734.943,6337301.029],[586747.963,6337315.169],[586754.963,6337321.329],[586759.163,6337327.489],[586768.049,6337328.483],[586773.929,6337331.283],[586777.537,6337335.319],[586782.857,6337339.939],[586787.337,6337340.779],[586792.401,6337340.083],[586801.337,6337341.479],[586831.997,6337340.359],[586850.921,6337338.683],[586861.611,6337336.181],[586874.581,6337334.483],[586886.761,6337327.903],[586891.241,6337323.423],[586891.825,6337315.587],[586892.385,6337307.047],[586887.041,6337294.863],[586884.965,6337287.027],[586887.205,6337283.667],[586896.025,6337283.107],[586938.725,6337290.947],[586939.169,6337288.011],[586941.931,6337287.857],[586944.769,6337290.251],[586950.649,6337293.751],[586953.169,6337299.211],[586951.791,6337307.264],[586951.689,6337307.861],[586951.688,6337307.866],[586974.72,6337297.842],[586999.71,6337287.574],[587050.815,6337266.361],[587019.545,6337175.909],[586983.618,6337071.625],[586957.558,6336996.062],[586954.832,6336988.408],[586910.284,6336905.126],[586884.487,6336856.779],[586870.065,6336830.139],[586842.121,6336777.909],[586818.063,6336732.882],[586803.107,6336705.059],[586772.11,6336646.695],[586766.436,6336649.607],[586765.316,6336645.873],[586770.132,6336643.297],[586694.362,6336502.767],[586693.296,6336503.257],[586601.188,6336545.609],[586504.638,6336589.656],[586504.293,6336591.911],[586515.722,6336620.654],[586515.191,6336621.14],[586515.672,6336622.333],[586511.665,6336624.369],[586490.379,6336635.643],[586490.083,6336635.8]]],[[[587451.008,6338500.596],[587452.486,6338499.95],[587468.785,6338487.848],[587468.788,6338487.845],[587513.187,6338451.04],[587515.206,6338448.659],[587515.373,6338448.462],[587515.44,6338448.382],[587515.522,6338448.286],[587516.918,6338446.639],[587517.623,6338445.808],[587517.666,6338445.757],[587517.675,6338445.747],[587518.437,6338444.849],[587518.612,6338444.642],[587518.635,6338444.615],[587518.639,6338444.61],[587518.791,6338444.43],[587518.89,6338444.314],[587531.76,6338434.374],[587538.855,6338428.895],[587539.393,6338428.396],[587558.454,6338410.741],[587638.102,6338344.613],[587646.168,6338337.268],[587712.784,6338280.638],[587807.507,6338200.116],[587802.171,6338191.205],[587801.546,6338190.16],[587801.219,6338189.614],[587800.474,6338188.37],[587798.169,6338184.522],[587786.362,6338168.927],[587742.639,6338109.389],[587742.447,6338109.132],[587732.242,6338095.46],[587732.156,6338095.345],[587730.987,6338093.778],[587728.919,6338091.008],[587728.601,6338090.582],[587728.542,6338090.503],[587728.424,6338090.345],[587725.452,6338086.364],[587713.453,6338070.288],[587684.644,6338038.031],[587683.838,6338037.128],[587683.423,6338036.663],[587681.623,6338034.647],[587681.074,6338034.033],[587680.739,6338033.658],[587677.219,6338029.791],[587673.813,6338026.049],[587672.708,6338024.836],[587672.706,6338024.834],[587672.704,6338024.833],[587651.942,6338007.714],[587596.26,6337939.9],[587570.504,6337960.147],[587548.586,6337978.528],[587538.131,6337987.296],[587535.719,6337989.319],[587535.278,6337989.689],[587535.023,6337989.903],[587528.967,6337994.982],[587522.238,6338000.625],[587521.12,6338001.563],[587517.226,6338004.828],[587515.013,6338006.684],[587514.473,6338007.137],[587497.95,6338021.518],[587476.317,6338040.347],[587458.187,6338056.127],[587454.39,6338059.334],[587452.813,6338060.666],[587452.21,6338061.176],[587451.44,6338061.826],[587445.29,6338067.021],[587419.922,6338088.448],[587409.847,6338096.958],[587405.433,6338100.685],[587403.218,6338102.556],[587370.789,6338129.947],[587364.545,6338135.221],[587362.574,6338136.886],[587362.072,6338137.31],[587361.58,6338137.726],[587361.208,6338138.04],[587301.409,6338188.29],[587289.138,6338198.554],[587282.731,6338203.913],[587258.448,6338224.223],[587236.243,6338241.952],[587231.945,6338245.384],[587228.748,6338247.937],[587228.49,6338248.143],[587228.293,6338248.3],[587258.224,6338283.799],[587443.629,6338498.835],[587442.248,6338499.525],[587443.361,6338500.811],[587443.346,6338500.836],[587443.344,6338500.839],[587443.227,6338501.035],[587443.15,6338501.163],[587449.068,6338502.346],[587449.193,6338502.198],[587449.202,6338502.187],[587449.792,6338501.487],[587449.861,6338501.404],[587449.953,6338501.295],[587450.161,6338501.048],[587450.27,6338500.919],[587451.008,6338500.596]]],[[[587334.761,6338529.109],[587335.123,6338529.513],[587335.666,6338530.119],[587335.739,6338530.2],[587335.851,6338530.326],[587335.911,6338530.392],[587335.954,6338530.441],[587339.354,6338534.235],[587340.642,6338535.673],[587363.83,6338561.554],[587366.345,6338559.854],[587385.121,6338551.206],[587427.183,6338523.512],[587432.489,6338521.175],[587441.274,6338514.84],[587451.021,6338504.226],[587439.362,6338502.976],[587440.359,6338501.836],[587298.77,6338339.279],[587251.197,6338285.794],[587251.195,6338285.792],[587244.065,6338279.671],[587241.346,6338280.088],[587241.344,6338280.089],[587239.647,6338281.311],[587183.806,6338321.213],[587187.83,6338338.739],[587188.369,6338339.613],[587188.716,6338340.151],[587188.937,6338340.493],[587189.146,6338340.817],[587189.251,6338340.98],[587189.673,6338341.635],[587189.946,6338342.057],[587190.059,6338342.233],[587190.359,6338342.697],[587190.412,6338342.78],[587190.507,6338342.927],[587190.572,6338343.026],[587190.683,6338343.199],[587190.714,6338343.247],[587190.727,6338343.267],[587190.857,6338343.469],[587191.09,6338343.83],[587191.719,6338344.804],[587191.752,6338344.856],[587191.857,6338345.017],[587191.887,6338345.064],[587191.916,6338345.109],[587192.695,6338346.316],[587193.097,6338346.938],[587204.256,6338364.224],[587205.811,6338367.337],[587207.014,6338369.742],[587210.902,6338376.022],[587227.74,6338399.347],[587235.97,6338410.185],[587253.931,6338434.902],[587254.216,6338435.294],[587254.484,6338435.663],[587296.911,6338487.415],[587299.128,6338489.542],[587299.874,6338490.258],[587303.866,6338494.088],[587307.445,6338498.237],[587316.295,6338508.494],[587334.761,6338529.109]]],[[[587404.622,6338545.107],[587368.365,6338570.482],[587400.076,6338597.035],[587400.646,6338597.171],[587400.658,6338597.174],[587400.677,6338597.178],[587400.723,6338597.189],[587401.728,6338597.427],[587405.983,6338601.976],[587406.288,6338602.236],[587411.64,6338608.026],[587422.558,6338619.695],[587455.317,6338654.705],[587466.023,6338666.275],[587467.276,6338667.629],[587471.492,6338672.184],[587483.704,6338685.379],[587498.602,6338701.596],[587498.997,6338702.095],[587501.42,6338705.155],[587501.423,6338705.158],[587501.425,6338705.16],[587503.3,6338707.184],[587513.888,6338719.532],[587582.658,6338671.652],[587472.106,6338532.31],[587458.498,6338517.737],[587458.485,6338517.723],[587458.473,6338517.71],[587458.405,6338517.637],[587457.395,6338516.556],[587457.323,6338516.479],[587457.289,6338516.443],[587457.029,6338516.165],[587454.81,6338513.789],[587432.305,6338527.831],[587431.565,6338528.293],[587431.238,6338528.497],[587430.816,6338528.76],[587428.348,6338530.301],[587414.111,6338539.184],[587404.622,6338545.107]]],[[[587841.679,6338256.527],[587840.817,6338255.254],[587839.918,6338253.927],[587839.458,6338253.248],[587807.184,6338205.591],[587798.09,6338213.224],[587794.784,6338215.999],[587727.573,6338272.412],[587653.234,6338334.81],[587647.691,6338339.391],[587638.807,6338346.739],[587626.054,6338357.631],[587594.626,6338384.473],[587561.805,6338412.504],[587561.805,6338412.505],[587560.933,6338413.262],[587560.861,6338413.324],[587560.449,6338413.682],[587544.15,6338427.841],[587522.667,6338446.346],[587522.015,6338454.049],[587523.191,6338459.534],[587524.818,6338467.125],[587527.106,6338469.878],[587535.42,6338479.884],[587518.998,6338491.963],[587518.494,6338491.677],[587518.645,6338492.668],[587514.267,6338489.279],[587512.626,6338488.539],[587508.272,6338485.0],[587507.893,6338484.37],[587507.439,6338484.018],[587503.829,6338481.221],[587503.828,6338481.221],[587503.814,6338481.23],[587470.96,6338504.366],[587469.764,6338504.536],[587466.464,6338506.793],[587462.539,6338509.479],[587462.413,6338509.565],[587461.146,6338510.432],[587461.084,6338510.474],[587461.001,6338510.531],[587460.951,6338510.566],[587475.462,6338529.131],[587480.31,6338535.058],[587480.973,6338535.87],[587481.393,6338536.383],[587482.004,6338537.129],[587482.409,6338537.624],[587482.651,6338537.92],[587482.709,6338537.991],[587491.325,6338548.522],[587491.982,6338549.325],[587505.942,6338566.388],[587535.718,6338601.528],[587615.339,6338711.821],[587624.225,6338703.515],[587696.129,6338649.266],[587717.115,6338670.322],[587727.394,6338662.035],[587728.913,6338660.81],[587730.705,6338659.366],[587758.41,6338637.028],[587758.417,6338637.023],[587758.422,6338637.018],[587840.885,6338569.363],[587843.35,6338567.343],[587845.115,6338565.913],[587851.522,6338560.644],[587967.5,6338467.273],[587974.327,6338461.774],[587976.098,6338460.179],[587979.834,6338456.81],[587983.18,6338453.792],[587972.49,6338439.424],[587970.084,6338436.19],[587946.36,6338404.305],[587935.952,6338390.316],[587906.236,6338350.378],[587898.531,6338340.023],[587877.212,6338308.841],[587866.092,6338292.579],[587846.93,6338264.281],[587846.55,6338263.72],[587845.967,6338262.859],[587845.009,6338261.444],[587841.679,6338256.527]]],[[[587678.013,6338808.134],[587681.79,6338814.912],[587732.304,6338773.862],[587790.239,6338726.78],[587796.414,6338721.762],[587810.213,6338710.864],[587823.163,6338700.636],[587828.034,6338696.789],[587861.649,6338670.24],[587874.563,6338660.011],[587887.143,6338650.048],[587887.938,6338649.418],[587888.291,6338649.139],[587908.082,6338633.464],[587988.368,6338568.208],[588049.438,6338518.833],[588051.984,6338517.236],[588052.008,6338517.221],[588052.045,6338517.197],[588054.172,6338515.863],[588020.892,6338481.54],[587993.777,6338451.496],[587993.33,6338451.001],[587992.221,6338452.396],[587972.759,6338467.81],[587972.746,6338467.82],[587972.735,6338467.829],[587972.726,6338467.837],[587972.721,6338467.841],[587964.012,6338475.042],[587930.163,6338501.549],[587897.994,6338527.028],[587869.193,6338550.229],[587844.983,6338569.732],[587794.216,6338611.775],[587794.205,6338611.784],[587738.158,6338656.335],[587711.558,6338677.99],[587711.384,6338678.134],[587711.321,6338678.187],[587635.665,6338741.242],[587645.605,6338756.782],[587662.965,6338781.422],[587679.065,6338804.662],[587678.013,6338808.134]]],[[[588081.786,6338659.994],[588094.764,6338649.213],[588105.882,6338639.978],[588106.002,6338639.881],[588106.05,6338639.842],[588106.336,6338639.613],[588106.497,6338639.483],[588106.652,6338639.358],[588106.827,6338639.217],[588107.079,6338639.014],[588111.973,6338635.072],[588116.687,6338631.275],[588120.066,6338628.553],[588123.514,6338625.775],[588128.211,6338621.992],[588136.018,6338614.761],[588116.278,6338594.367],[588111.351,6338595.008],[588111.332,6338595.01],[588111.309,6338595.013],[588104.075,6338600.601],[588098.828,6338604.654],[588089.171,6338612.114],[588060.987,6338633.884],[588060.987,6338633.885],[588020.151,6338666.237],[588042.299,6338692.172],[588042.909,6338691.684],[588043.614,6338691.12],[588045.481,6338689.626],[588051.992,6338684.417],[588057.486,6338680.021],[588062.649,6338675.891],[588081.786,6338659.994]]],[[[588062.521,6338528.753],[588055.697,6338520.173],[588051.014,6338523.302],[588017.663,6338547.758],[587982.953,6338575.825],[587976.504,6338581.039],[587971.877,6338584.78],[587970.942,6338585.536],[587970.776,6338585.67],[587970.74,6338585.699],[587968.21,6338587.721],[587961.005,6338593.476],[587959.017,6338595.064],[587941.297,6338609.218],[587903.751,6338639.208],[587848.298,6338683.869],[587726.639,6338781.469],[587695.628,6338807.434],[587685.824,6338815.642],[587685.517,6338815.899],[587685.436,6338815.967],[587681.314,6338819.418],[587679.776,6338820.706],[587686.461,6338826.469],[587690.661,6338833.189],[587715.818,6338867.118],[587720.906,6338873.98],[587721.517,6338874.583],[587721.441,6338874.702],[587725.055,6338879.576],[587725.34,6338879.813],[587726.897,6338881.108],[587734.106,6338886.528],[587738.026,6338890.28],[587759.026,6338874.656],[587768.048,6338866.894],[587780.366,6338856.879],[587824.891,6338820.68],[587826.482,6338819.425],[587827.395,6338818.704],[587831.956,6338815.107],[587832.007,6338815.067],[587832.251,6338814.875],[587832.49,6338814.686],[587835.187,6338812.559],[587837.669,6338810.6],[587839.078,6338809.489],[587839.721,6338808.982],[587842.004,6338807.181],[587858.179,6338794.422],[587887.95,6338770.939],[587943.279,6338727.494],[587943.331,6338727.452],[587943.395,6338727.4],[587943.403,6338727.394],[587943.413,6338727.385],[587943.421,6338727.378],[587943.44,6338727.363],[587944.282,6338726.679],[587944.295,6338726.668],[587944.369,6338726.608],[587944.381,6338726.598],[587944.383,6338726.597],[587944.388,6338726.593],[587944.537,6338726.472],[587944.584,6338726.434],[587944.695,6338726.343],[587945.004,6338726.092],[587945.739,6338725.495],[587960.798,6338713.259],[588001.152,6338680.243],[588001.195,6338680.208],[588001.207,6338680.198],[588001.215,6338680.191],[588001.232,6338680.177],[588001.265,6338680.15],[588002.656,6338679.012],[588004.223,6338677.73],[588004.938,6338677.145],[588005.378,6338676.785],[588005.991,6338676.284],[588009.093,6338673.746],[588009.616,6338673.318],[588009.651,6338673.29],[588009.733,6338673.222],[588009.802,6338673.165],[588010.069,6338672.947],[588011.121,6338672.086],[588011.445,6338671.821],[588011.579,6338671.712],[588011.684,6338671.626],[588011.855,6338671.486],[588013.186,6338670.397],[588015.444,6338668.672],[588016.127,6338668.15],[588018.475,6338666.357],[588025.043,6338661.34],[588060.987,6338633.884],[588109.256,6338595.127],[588102.631,6338584.172],[588101.854,6338582.888],[588100.764,6338581.387],[588093.553,6338571.455],[588091.332,6338568.396],[588091.183,6338568.191],[588090.624,6338567.42],[588090.427,6338567.149],[588068.817,6338537.148],[588064.69,6338531.418],[588064.688,6338531.416],[588062.521,6338528.753]],[[587826.452,6338745.243],[587822.952,6338747.483],[587816.792,6338751.963],[587800.552,6338766.803],[587789.912,6338774.083],[587780.112,6338780.663],[587776.752,6338775.203],[587774.932,6338771.003],[587774.652,6338761.763],[587785.712,6338751.123],[587800.412,6338739.083],[587809.302,6338732.561],[587813.782,6338727.801],[587817.982,6338727.801],[587828.972,6338736.003],[587832.752,6338739.643],[587826.452,6338745.243]]],[[[587931.581,6338929.054],[587933.101,6338927.96],[587937.376,6338924.882],[587971.54,6338900.285],[588056.217,6338839.967],[588133.942,6338783.419],[588146.58,6338774.226],[588151.104,6338770.935],[588152.99,6338769.563],[588201.509,6338734.269],[588218.767,6338721.802],[588218.467,6338720.962],[588218.442,6338720.893],[588218.042,6338719.772],[588210.508,6338711.043],[588206.151,6338705.995],[588200.739,6338698.572],[588197.163,6338693.667],[588195.681,6338692.629],[588195.48,6338692.488],[588195.401,6338692.433],[588195.398,6338692.431],[588195.392,6338692.427],[588195.385,6338692.422],[588192.809,6338690.618],[588188.756,6338685.29],[588183.104,6338677.861],[588179.149,6338672.373],[588174.536,6338665.973],[588162.979,6338652.933],[588162.517,6338652.412],[588162.069,6338651.906],[588161.642,6338650.854],[588160.477,6338647.987],[588159.9,6338642.918],[588140.613,6338617.543],[588130.034,6338626.101],[588113.932,6338639.149],[588083.337,6338663.943],[588039.071,6338699.344],[588011.714,6338721.222],[587986.242,6338741.57],[587953.268,6338767.912],[587929.642,6338786.752],[587908.897,6338803.295],[587870.479,6338833.879],[587852.091,6338848.605],[587852.046,6338848.641],[587851.924,6338848.739],[587844.316,6338854.832],[587921.934,6338936.0],[587922.13,6338935.859],[587922.131,6338935.858],[587922.136,6338935.854],[587922.14,6338935.852],[587922.147,6338935.847],[587923.067,6338935.185],[587931.054,6338929.434],[587931.104,6338929.398],[587931.148,6338929.366],[587931.581,6338929.054]]],[[[587734.786,6338887.672],[587734.784,6338887.671],[587718.477,6338875.934],[587716.517,6338873.414],[587714.288,6338871.009],[587705.878,6338861.933],[587700.725,6338856.37],[587678.225,6338830.625],[587678.158,6338830.678],[587676.901,6338831.682],[587676.639,6338831.891],[587676.349,6338832.123],[587676.075,6338832.342],[587676.108,6338832.389],[587661.678,6338843.837],[587641.558,6338858.674],[587641.472,6338858.586],[587641.461,6338858.575],[587641.191,6338859.091],[587639.684,6338861.968],[587639.684,6338868.548],[587633.524,6338873.028],[587629.827,6338872.594],[587626.384,6338872.189],[587623.304,6338867.009],[587622.259,6338860.531],[587617.331,6338864.71],[587616.161,6338865.702],[587627.862,6338879.949],[587635.268,6338889.252],[587636.782,6338891.153],[587638.313,6338893.077],[587639.86,6338895.415],[587640.658,6338896.621],[587641.537,6338897.949],[587641.767,6338898.297],[587642.168,6338898.902],[587645.607,6338904.098],[587648.041,6338907.403],[587652.533,6338912.578],[587732.773,6339016.744],[587753.451,6339004.313],[587754.081,6339003.934],[587761.731,6338999.337],[587772.082,6338993.116],[587772.76,6338992.74],[587774.797,6338991.611],[587777.429,6338990.152],[587798.864,6338978.271],[587801.872,6338976.822],[587803.294,6338976.137],[587803.419,6338976.076],[587803.475,6338976.049],[587803.492,6338976.041],[587803.664,6338975.958],[587803.927,6338975.831],[587804.142,6338975.728],[587808.563,6338973.598],[587812.767,6338971.572],[587812.911,6338971.335],[587814.811,6338968.211],[587792.995,6338949.177],[587788.334,6338949.012],[587785.954,6338949.152],[587784.735,6338949.737],[587782.075,6338948.057],[587780.115,6338947.637],[587779.835,6338943.437],[587775.874,6338938.792],[587776.434,6338936.412],[587777.274,6338934.172],[587774.754,6338932.492],[587774.232,6338930.173],[587762.823,6338917.214],[587759.675,6338918.517],[587757.855,6338914.037],[587750.995,6338908.857],[587753.034,6338906.224],[587753.029,6338906.22],[587753.022,6338906.212],[587738.1,6338891.387],[587734.792,6338887.678],[587734.79,6338887.675],[587734.786,6338887.672]]],[[[588826.765,6340201.242],[588793.984,6340240.452],[588939.815,6340383.001],[589012.245,6340328.993],[589012.454,6340328.814],[589012.752,6340329.207],[589018.284,6340324.713],[589047.303,6340301.14],[589152.378,6340430.548],[589203.184,6340389.649],[589267.753,6340338.676],[589292.137,6340319.426],[589290.603,6340317.517],[589231.826,6340244.039],[589231.207,6340243.265],[589231.049,6340243.067],[589230.673,6340242.597],[589230.654,6340242.574],[589230.621,6340242.533],[589230.496,6340242.377],[589190.978,6340194.183],[589178.979,6340182.72],[589191.409,6340174.593],[589191.055,6340174.046],[589189.584,6340171.774],[589189.002,6340170.875],[589187.317,6340168.273],[589184.149,6340163.379],[589181.97,6340160.013],[589176.205,6340151.108],[589176.204,6340151.107],[589176.203,6340151.106],[589105.795,6340063.18],[589089.011,6339996.688],[589089.01,6339996.686],[589085.446,6339984.94],[589085.446,6339984.939],[589071.448,6339964.993],[589062.184,6339951.482],[589062.182,6339951.48],[589027.568,6339908.99],[589018.681,6339897.382],[588991.345,6339861.679],[588901.152,6339748.513],[588864.985,6339703.19],[588864.041,6339702.006],[588845.473,6339681.066],[588829.023,6339655.893],[588753.65,6339708.391],[588603.552,6339815.997],[588563.288,6339844.863],[588532.809,6339866.604],[588532.301,6339866.967],[588532.079,6339867.125],[588531.793,6339867.329],[588478.775,6339905.151],[588580.265,6340011.939],[588581.928,6340013.843],[588589.285,6340022.263],[588632.267,6340067.443],[588632.267,6340067.444],[588676.855,6340114.061],[588683.217,6340120.713],[588683.349,6340120.851],[588684.512,6340122.067],[588688.962,6340126.72],[588690.82,6340128.662],[588692.168,6340130.071],[588694.96,6340132.99],[588695.985,6340134.062],[588696.303,6340134.394],[588697.421,6340135.563],[588697.991,6340136.159],[588698.263,6340136.444],[588698.586,6340136.782],[588698.632,6340136.83],[588698.656,6340136.855],[588698.701,6340136.901],[588700.127,6340138.392],[588700.341,6340138.616],[588700.379,6340138.656],[588700.395,6340138.673],[588700.573,6340138.859],[588700.574,6340138.86],[588700.588,6340138.874],[588700.621,6340138.909],[588700.832,6340139.129],[588702.956,6340141.35],[588724.171,6340163.528],[588728.583,6340163.308],[588732.038,6340158.333],[588732.051,6340158.314],[588732.189,6340158.116],[588762.365,6340128.162],[588826.765,6340201.242]]],[[[589310.092,6340342.008],[589306.371,6340336.577],[589240.017,6340389.748],[589172.252,6340443.449],[589225.878,6340513.771],[589280.56,6340587.032],[589293.83,6340602.616],[589294.323,6340603.187],[589294.261,6340603.238],[589295.92,6340605.176],[589261.338,6340633.526],[589222.976,6340663.777],[589228.076,6340669.934],[589266.333,6340709.576],[589307.687,6340749.153],[589339.868,6340782.38],[589362.878,6340803.735],[589391.532,6340834.967],[589438.573,6340880.714],[589461.157,6340904.692],[589486.54,6340929.419],[589517.635,6340960.037],[589599.919,6340892.1],[589663.711,6340842.72],[589698.113,6340814.795],[589713.65,6340800.738],[589714.45,6340800.014],[589626.07,6340702.846],[589617.863,6340689.187],[589561.912,6340617.189],[589533.326,6340580.405],[589510.814,6340552.825],[589445.262,6340483.617],[589444.253,6340481.655],[589388.698,6340424.431],[589334.553,6340371.263],[589310.092,6340342.008]]]]}},{"type":"Feature","properties":{"kind":"crop","key":"Andre registrerede anvendelser"},"geometry":{"type":"MultiPolygon","coordinates":[[[[585784.533,6335725.529],[585787.308,6335729.585],[585795.453,6335741.489],[585798.953,6335739.213],[585805.969,6335734.65],[585820.358,6335725.292],[585826.346,6335721.397],[585833.253,6335716.905],[585821.885,6335700.217],[585798.714,6335715.919],[585784.533,6335725.529]]],[[[587085.631,6337419.867],[587047.701,6337388.593],[587046.275,6337387.605],[587028.471,6337375.266],[586987.094,6337351.081],[586967.361,6337349.051],[586951.381,6337353.02],[586943.201,6337354.22],[586938.41,6337350.711],[586935.771,6337345.382],[586935.211,6337338.283],[586937.091,6337335.034],[586945.164,6337301.241],[586944.05,6337297.311],[586940.241,6337295.612],[586899.383,6337291.603],[586901.32,6337314.458],[586900.092,6337323.866],[586895.631,6337331.544],[586889.611,6337338.823],[586876.83,6337343.962],[586866.721,6337344.852],[586852.34,6337346.451],[586835.271,6337347.161],[586804.58,6337347.691],[586790.043,6337347.341],[586763.771,6337344.142],[586750.99,6337345.032],[586738.564,6337346.981],[586725.783,6337349.291],[586716.531,6337350.891],[586705.341,6337354.57],[586700.584,6337364.158],[586697.211,6337385.683],[586692.931,6337393.662],[586692.255,6337395.012],[586681.593,6337416.167],[586693.517,6337438.423],[586704.121,6337458.229],[586729.79,6337502.43],[586760.778,6337546.204],[586760.972,6337546.435],[586761.801,6337547.021],[586761.696,6337547.113],[586729.642,6337575.165],[586861.221,6337777.774],[586875.041,6337800.809],[586914.811,6337864.886],[586933.092,6337892.08],[586959.783,6337932.922],[586971.443,6337951.508],[586987.423,6337941.43],[587014.596,6337979.115],[587028.876,6337971.835],[587033.356,6337976.875],[587075.989,6338040.137],[587084.966,6338053.155],[587084.957,6338053.427],[587085.037,6338053.564],[587085.12,6338053.688],[587134.946,6338128.195],[587188.147,6338203.235],[587241.767,6338229.135],[587251.983,6338221.483],[587281.47,6338195.659],[587447.439,6338055.568],[587447.454,6338055.556],[587447.487,6338055.528],[587447.534,6338055.488],[587447.537,6338055.485],[587447.54,6338055.482],[587461.385,6338043.658],[587474.384,6338032.557],[587489.752,6338019.432],[587495.789,6338014.276],[587526.789,6337987.801],[587435.346,6337862.247],[587193.462,6337528.958],[587193.4,6337529.001],[587172.3,6337499.939],[587165.341,6337491.664],[587145.677,6337464.995],[587141.177,6337459.995],[587125.992,6337444.753],[587125.749,6337444.58],[587124.335,6337443.09],[587124.333,6337443.088],[587124.332,6337443.086],[587124.331,6337443.084],[587124.468,6337443.057],[587123.345,6337441.721],[587116.974,6337439.033],[587106.452,6337432.384],[587088.88,6337423.136],[587085.631,6337419.867]]],[[[589225.879,6340517.673],[589194.744,6340476.151],[589169.606,6340445.036],[589162.838,6340450.206],[589162.786,6340449.883],[589163.09,6340449.281],[589149.712,6340460.429],[589148.872,6340470.229],[589143.552,6340474.709],[589138.387,6340470.706],[589138.512,6340467.149],[589133.69,6340463.594],[589127.032,6340463.789],[589121.432,6340465.189],[589109.61,6340454.901],[589111.632,6340448.109],[589090.352,6340429.909],[589080.832,6340452.869],[589071.592,6340441.669],[589072.712,6340434.389],[589072.432,6340431.589],[589068.512,6340425.149],[589061.166,6340417.113],[589050.872,6340412.269],[589042.752,6340404.709],[589039.672,6340399.669],[589041.632,6340395.749],[589034.072,6340392.389],[589042.192,6340379.229],[589028.232,6340361.919],[589028.204,6340361.941],[589027.051,6340362.856],[588978.157,6340401.662],[589208.737,6340615.862],[589268.797,6340578.902],[589269.413,6340579.498],[589271.366,6340578.096],[589259.66,6340562.371],[589225.879,6340517.673]]]]}},{"type":"Feature","properties":{"kind":"crop","key":"Græs i omdrift"},"geometry":{"type":"MultiPolygon","coordinates":[[[[586001.224,6335411.206],[585995.539,6335415.546],[585980.437,6335427.077],[585980.421,6335427.089],[585916.422,6335475.952],[585906.649,6335483.414],[585899.507,6335489.014],[585899.335,6335489.149],[585899.144,6335489.299],[585898.741,6335489.615],[585898.606,6335489.721],[585896.713,6335491.205],[585896.368,6335491.475],[585895.905,6335491.838],[585895.304,6335492.309],[585894.995,6335492.551],[585894.008,6335493.325],[585893.564,6335493.673],[585893.316,6335493.867],[585893.11,6335494.028],[585892.762,6335494.301],[585892.084,6335494.833],[585890.93,6335495.737],[585890.626,6335495.975],[585890.531,6335496.049],[585890.296,6335496.233],[585870.982,6335511.368],[585869.883,6335512.229],[585867.524,6335514.078],[585865.463,6335515.693],[585843.573,6335532.846],[585843.536,6335532.875],[585667.294,6335670.571],[585659.874,6335675.331],[585642.934,6335686.811],[585654.134,6335701.791],[585671.692,6335695.11],[585686.112,6335718.63],[585668.752,6335728.99],[585696.655,6335766.572],[585713.721,6335754.403],[585695.318,6335723.151],[585697.418,6335718.671],[585718.231,6335751.047],[585730.369,6335742.449],[585735.167,6335739.05],[585742.076,6335734.157],[585748.352,6335729.711],[585809.291,6335681.775],[585815.272,6335677.071],[585890.592,6335618.691],[585958.157,6335565.529],[585971.372,6335555.131],[586077.711,6335471.064],[586152.5651853406,6335412.560960397],[586003.515068866,6335409.457099701],[586002.749,6335410.042],[586001.806,6335410.762],[586001.527,6335410.975],[586001.224,6335411.206]]],[[[587623.986,6338737.598],[587620.102,6338734.229],[587612.937,6338722.809],[587579.614,6338678.23],[587579.609,6338678.223],[587579.599,6338678.21],[587579.59,6338678.217],[587579.586,6338678.22],[587521.482,6338722.451],[587517.5,6338724.451],[587530.082,6338744.385],[587544.044,6338762.766],[587550.413,6338771.151],[587564.41,6338789.578],[587564.415,6338789.661],[587564.69,6338794.507],[587570.031,6338798.934],[587573.134,6338798.876],[587583.302,6338792.688],[587592.288,6338787.219],[587595.985,6338784.969],[587602.135,6338781.226],[587603.763,6338780.235],[587615.092,6338773.34],[587638.012,6338756.354],[587623.986,6338737.598]]],[[[587767.578,6338868.373],[587761.774,6338872.998],[587759.834,6338874.544],[587758.994,6338875.213],[587758.465,6338875.635],[587753.718,6338879.418],[587753.718,6338881.157],[587763.333,6338892.447],[587773.434,6338906.994],[587777.045,6338903.999],[587779.677,6338901.816],[587780.956,6338900.755],[587781.896,6338899.975],[587782.288,6338899.65],[587782.364,6338899.587],[587785.753,6338896.776],[587789.027,6338894.29],[587789.741,6338893.748],[587804.9,6338882.239],[587810.791,6338877.546],[587812.069,6338876.528],[587833.389,6338859.543],[587868.723,6338831.229],[587880.305,6338821.834],[587903.471,6338803.045],[587951.478,6338764.833],[588042.299,6338692.172],[588020.151,6338666.237],[587960.798,6338713.259],[587943.331,6338727.452],[587943.279,6338727.494],[587887.421,6338772.879],[587826.534,6338821.395],[587767.578,6338868.373]]],[[[588231.367,6339119.457],[588242.57,6339111.294],[588276.632,6339086.475],[588354.674,6339028.631],[588310.154,6338963.531],[588243.281,6339012.518],[588036.552,6339160.065],[588036.277,6339160.307],[588035.748,6339160.773],[588033.744,6339162.539],[588033.479,6339162.773],[588032.409,6339163.716],[588031.927,6339164.069],[588017.55,6339174.599],[588008.976,6339180.88],[588003.127,6339184.361],[588001.669,6339185.228],[587999.779,6339186.475],[587999.753,6339186.492],[587999.586,6339186.603],[587999.19,6339186.864],[587997.882,6339187.727],[587996.721,6339188.493],[587927.822,6339237.668],[587927.821,6339237.668],[587927.82,6339237.669],[587927.28,6339238.429],[587926.992,6339238.834],[587925.716,6339240.63],[587925.885,6339240.876],[587930.322,6339247.328],[587950.823,6339272.72],[587951.395,6339273.402],[587951.482,6339273.506],[587955.123,6339277.842],[587956.918,6339279.98],[587956.921,6339279.984],[587956.927,6339279.991],[587956.939,6339280.004],[587974.673,6339300.604],[587975.937,6339301.778],[587977.968,6339303.663],[587980.011,6339302.43],[587987.979,6339297.62],[587988.245,6339297.46],[587988.546,6339297.279],[587989.638,6339296.522],[587989.799,6339296.41],[588012.848,6339280.438],[588013.054,6339280.296],[588013.202,6339280.194],[588013.207,6339280.19],[588097.388,6339218.286],[588097.678,6339218.014],[588108.287,6339208.067],[588118.904,6339200.644],[588125.739,6339195.866],[588134.63,6339189.651],[588151.548,6339177.825],[588231.367,6339119.457]]],[[[588197.964,6339345.867],[588197.987,6339345.85],[588197.988,6339345.849],[588219.879,6339329.456],[588262.299,6339297.956],[588233.355,6339255.959],[588226.599,6339246.156],[588174.519,6339285.076],[588156.984,6339296.885],[588159.037,6339300.35],[588185.777,6339335.77],[588183.537,6339337.73],[588155.817,6339302.59],[588151.58,6339300.793],[588134.381,6339314.333],[588146.456,6339329.305],[588146.476,6339329.33],[588174.239,6339362.916],[588189.219,6339352.416],[588192.962,6339349.613],[588193.797,6339348.89],[588197.962,6339345.869],[588197.963,6339345.868],[588197.964,6339345.867]]],[[[588496.541,6339256.101],[588496.54,6339256.102],[588496.539,6339256.102],[588496.537,6339256.103],[588403.767,6339319.848],[588360.052,6339351.817],[588328.231,6339376.648],[588299.421,6339395.864],[588288.199,6339404.115],[588284.763,6339406.641],[588284.049,6339407.165],[588283.685,6339407.433],[588299.705,6339431.055],[588319.865,6339457.095],[588347.588,6339490.416],[588312.233,6339515.323],[588312.444,6339515.673],[588312.447,6339515.679],[588315.63,6339520.958],[588316.0,6339521.45],[588316.05,6339521.375],[588371.21,6339588.855],[588370.121,6339589.944],[588373.413,6339594.064],[588374.889,6339593.496],[588472.121,6339526.057],[588512.144,6339497.198],[588629.584,6339412.518],[588629.584,6339412.517],[588574.493,6339333.763],[588573.05,6339331.701],[588572.994,6339331.621],[588533.638,6339359.347],[588572.73,6339331.244],[588572.433,6339330.819],[588513.999,6339244.105],[588508.049,6339248.194],[588501.882,6339252.843],[588496.541,6339256.101]]],[[[588439.993,6339859.98],[588477.529,6339904.519],[588635.307,6339791.096],[588647.806,6339782.11],[588711.553,6339736.063],[588712.928,6339735.07],[588712.998,6339735.019],[588713.215,6339734.863],[588713.373,6339734.749],[588717.109,6339732.05],[588717.163,6339732.011],[588718.497,6339731.047],[588751.49,6339707.215],[588826.853,6339652.778],[588791.23,6339607.37],[588626.655,6339724.644],[588472.935,6339835.244],[588470.516,6339831.794],[588470.037,6339832.157],[588437.389,6339856.89],[588437.582,6339857.119],[588438.704,6339858.452],[588439.68,6339859.61],[588439.721,6339859.658],[588439.726,6339859.664],[588439.752,6339859.695],[588439.993,6339859.98]]],[[[589012.567,6340329.358],[589012.173,6340329.678],[589012.156,6340329.692],[589030.511,6340357.787],[589030.45,6340357.836],[589030.5,6340357.982],[589031.077,6340359.661],[589028.232,6340361.919],[589042.192,6340379.229],[589034.072,6340392.389],[589041.632,6340395.749],[589039.672,6340399.669],[589042.752,6340404.709],[589050.872,6340412.269],[589061.166,6340417.113],[589068.512,6340425.149],[589072.432,6340431.589],[589072.712,6340434.389],[589071.592,6340441.669],[589080.832,6340452.869],[589090.352,6340429.909],[589111.632,6340448.109],[589109.61,6340454.901],[589121.432,6340465.189],[589127.032,6340463.789],[589133.69,6340463.594],[589138.512,6340467.149],[589138.387,6340470.706],[589143.552,6340474.709],[589148.872,6340470.229],[589149.712,6340460.429],[589163.09,6340449.281],[589163.939,6340447.598],[589163.323,6340446.873],[589161.544,6340447.933],[589139.983,6340464.104],[589125.435,6340453.438],[589150.324,6340431.885],[589100.519,6340369.338],[589047.599,6340303.398],[589023.519,6340322.298],[589022.338,6340321.42],[589014.074,6340328.134],[589012.567,6340329.358]],[[589130.479,6340433.178],[589128.519,6340438.218],[589118.859,6340441.998],[589113.259,6340436.538],[589112.279,6340430.938],[589115.779,6340421.698],[589117.459,6340420.578],[589122.919,6340422.258],[589129.219,6340426.878],[589130.479,6340433.178]],[[589071.259,6340354.918],[589074.059,6340357.158],[589071.259,6340364.018],[589067.339,6340364.858],[589058.519,6340361.778],[589058.099,6340358.978],[589058.659,6340353.518],[589061.459,6340350.998],[589063.979,6340351.978],[589067.479,6340353.378],[589071.259,6340354.918]],[[589037.659,6340349.458],[589033.179,6340343.298],[589031.079,6340337.838],[589032.199,6340334.058],[589034.159,6340332.098],[589038.779,6340330.418],[589041.439,6340331.678],[589047.599,6340339.658],[589048.159,6340344.138],[589048.859,6340346.798],[589045.219,6340349.318],[589040.879,6340350.998],[589037.659,6340349.458]]],[[[589352.941,6340299.235],[589306.86,6340335.104],[589336.751,6340369.927],[589424.145,6340457.49],[589453.023,6340487.145],[589520.527,6340560.272],[589562.279,6340613.643],[589618.093,6340685.84],[589624.584,6340697.167],[589645.585,6340680.647],[589649.149,6340683.702],[589628.403,6340701.775],[589714.45,6340800.014],[589713.708,6340800.686],[589714.292,6340801.337],[589727.269,6340790.184],[589776.969,6340749.443],[589807.489,6340725.363],[589806.689,6340719.02],[589805.961,6340713.42],[589805.7495210164,6340711.622428639],[589804.0793070017,6340709.519503677],[589800.305,6340709.276],[589796.918,6340710.312],[589793.112,6340709.493],[589792.833,6340704.088],[589791.961,6340699.308],[589791.289,6340696.788],[589789.721,6340695.612],[589787.593,6340695.164],[589786.211,6340695.86],[589781.652,6340691.501],[589783.393,6340689.172],[589783.953,6340685.868],[589782.441,6340684.804],[589781.937,6340683.348],[589781.8211779024,6340681.494846438],[589777.0161525336,6340675.4449584],[589773.705,6340676.348],[589771.21,6340672.758],[589769.883,6340669.838],[589765.543,6340670.118],[589763.723,6340668.298],[589764.003,6340661.998],[589764.0681939386,6340659.1425054865],[589762.4645982449,6340657.123457998],[589758.543,6340655.278],[589757.241,6340653.5],[589758.4509851758,6340652.070017519],[589757.5177343907,6340650.894984648],[589756.513,6340651.036],[589754.203,6340651.498],[589752.929,6340646.388],[589753.1869462834,6340645.442196961],[589752.2412271699,6340644.2514655255],[589752.103,6340644.218],[589746.363,6340645.758],[589742.583,6340644.778],[589742.457,6340641.74],[589744.865,6340638.716],[589742.401,6340637.036],[589742.681,6340634.46],[589743.8580985591,6340633.69647661],[589740.1277599861,6340628.999700012],[589739.489,6340629.532],[589737.473,6340630.428],[589735.723,6340630.358],[589735.24,6340626.576],[589735.9779836652,6340623.774819767],[589732.6008836942,6340619.522797113],[589726.251,6340622.208],[589722.667,6340625.691],[589711.258,6340632.284],[589704.534,6340638.039],[589696.239,6340645.138],[589672.058,6340666.647],[589670.35,6340667.886],[589667.177,6340670.188],[589652.585,6340680.775],[589650.125,6340678.788],[589649.276,6340678.102],[589664.823,6340665.569],[589686.694,6340647.938],[589706.294,6340630.247],[589720.324,6340623.395],[589725.248,6340615.972],[589724.408,6340616.084],[589722.896,6340612.892],[589721.496,6340609.028],[589720.04,6340609.476],[589717.8,6340609.812],[589715.896,6340609.252],[589713.88,6340608.804],[589712.424,6340609.364],[589711.136,6340610.596],[589709.12,6340610.932],[589707.944,6340610.764],[589706.6,6340609.812],[589705.76,6340608.692],[589706.21,6340605.718],[589703.844,6340600.369],[589704.304,6340596.656],[589708.769,6340597.042],[589708.989,6340592.04],[589706.473,6340587.697],[589703.712,6340582.933],[589699.952,6340581.043],[589698.542,6340576.684],[589693.7,6340572.349],[589692.118,6340569.955],[589683.922,6340571.135],[589683.185,6340565.561],[589682.8,6340559.987],[589682.706,6340555.643],[589681.072149381,6340552.195256221],[589679.0510135491,6340549.930979294],[589676.773,6340548.5],[589673.441,6340550.549],[589673.369,6340543.618],[589668.871,6340541.208],[589667.303,6340536.896],[589664.727,6340536.448],[589662.319,6340534.936],[589659.575,6340534.208],[589659.351,6340532.696],[589658.287,6340531.016],[589656.943,6340529.896],[589654.759,6340530.008],[589652.239,6340530.736],[589649.831,6340531.464],[589649.383,6340531.072],[589649.495,6340530.344],[589652.575,6340523.176],[589647.255,6340518.024],[589645.183,6340517.464],[589643.783,6340516.904],[589642.205,6340516.508],[589640.693,6340516.508],[589638.453,6340516.34],[589636.829,6340515.164],[589636.381,6340512.868],[589635.551,6340510.744],[589633.759,6340510.352],[589630.399,6340510.24],[589629.503,6340510.184],[589629.727,6340509.12],[589631.453,6340507.716],[589628.877,6340505.308],[589628.103,6340504.584],[589626.703,6340505.984],[589623.491,6340506.424],[589623.491,6340505.153],[589623.422,6340505.159],[589622.889,6340500.321],[589619.2,6340500.16],[589616.702,6340497.88],[589616.034,6340494.941],[589613.98,6340494.481],[589615.341,6340490.272],[589614.0151549004,6340487.390042875],[589612.9947201258,6340486.508099239],[589609.981,6340487.772],[589610.282,6340485.186],[589607.76,6340482.6],[589598.986,6340488.465],[589593.72,6340488.232],[589593.053,6340481.403],[589595.213,6340475.485],[589591.768,6340472.244],[589588.543,6340465.127],[589579.744,6340464.887],[589574.961,6340460.688],[589580.981,6340457.268],[589581.8586376221,6340455.788363668],[589576.0204997336,6340450.528241445],[589575.854,6340450.762],[589575.8231368877,6340450.350418874],[589564.3489671408,6340440.012270577],[589557.9649009015,6340433.35810197],[589557.661,6340435.563],[589555.501,6340435.673],[589552.211,6340430.674],[589549.251,6340427.374],[589550.5967617802,6340425.678225509],[589543.2057943083,6340417.974554857],[589542.003,6340418.046],[589542.662,6340420.136],[589541.211,6340421.566],[589537.814,6340422.005],[589537.261,6340420.356],[589538.58,6340417.716],[589529.221,6340416.317],[589525.7,6340414.047],[589527.861,6340411.318],[589530.714,6340407.108],[589530.8781536779,6340405.125346185],[589522.8098479642,6340396.715679903],[589516.5786818009,6340392.553970175],[589515.814,6340393.131],[589512.631,6340391.422],[589514.2022914401,6340390.966811909],[589493.4073185533,6340377.078137031],[589491.937,6340377.339],[589490.201,6340377.339],[589488.409,6340376.891],[589485.777,6340374.259],[589483.425,6340374.259],[589482.025,6340373.811],[589479.281,6340372.915],[589476.537,6340371.291],[589474.913,6340370.507],[589473.457,6340370.003],[589472.393,6340370.003],[589467.188,6340369.925],[589461.435,6340371.605],[589453.646,6340374.71],[589449.647,6340377.371],[589447.748,6340378.634],[589446.468,6340379.486],[589439.799,6340386.104],[589438.085,6340387.457],[589395.536,6340421.039],[589393.907,6340418.392],[589401.254,6340412.464],[589404.27,6340410.03],[589414.475,6340401.796],[589428.737,6340389.845],[589440.988,6340379.58],[589442.497,6340378.315],[589442.54,6340378.29],[589443.475,6340377.742],[589452.119,6340372.674],[589460.468,6340369.925],[589465.966,6340368.194],[589470.657,6340367.875],[589472.113,6340366.979],[589476.407743439,6340365.724355849],[589474.2279193741,6340364.268481495],[589471.3267183492,6340361.773281651],[589470.545,6340362.555],[589469.481,6340362.555],[589467.857,6340362.555],[589466.345,6340362.107],[589465.617,6340362.443],[589464.833,6340363.283],[589463.825,6340364.235],[589462.381,6340364.507],[589460.682,6340364.387],[589461.501,6340358.795],[589459.683,6340358.493],[589458.227,6340357.989],[589457.667,6340357.373],[589457.051,6340356.197],[589456.715,6340355.301],[589456.715,6340353.285],[589456.491,6340352.109],[589456.389,6340350.825],[589455.651,6340349.981],[589455.931,6340348.861],[589455.7636822591,6340348.388174967],[589450.6770647337,6340344.013391162],[589450.2110430873,6340343.187323425],[589449.445,6340342.705],[589448.213,6340340.521],[589448.1160288111,6340339.473711159],[589446.1495356227,6340335.987914758],[589444.293,6340334.417],[589439.701,6340334.417],[589438.525,6340332.793],[589433.373,6340333.297],[589432.925,6340331.281],[589432.925,6340329.489],[589433.429,6340327.361],[589436.397,6340324.449],[589434.101,6340318.345],[589431.077,6340317.617],[589426.708,6340316.665],[589425.291,6340315.137],[589422.751,6340312.298],[589423.691,6340308.539],[589420.451,6340303.889],[589419.042,6340299.537],[589421.562,6340298.697],[589424.922,6340300.377],[589429.942,6340295.239],[589432.232,6340293.815],[589434.2559592195,6340292.603323081],[589432.0657891146,6340285.81609864],[589430.073,6340285.567],[589428.224,6340284.727],[589425.592,6340283.663],[589424.752,6340281.759],[589422.4,6340279.127],[589419.656,6340276.327],[589418.256,6340274.087],[589417.752,6340273.135],[589417.136,6340271.959],[589416.006,6340271.199],[589414.186,6340272.179],[589413.16,6340269.943],[589411.312,6340268.263],[589408.848,6340267.535],[589406.206,6340267.139],[589404.704,6340267.983],[589402.986,6340267.839],[589403.024,6340263.783],[589403.64,6340258.997],[589399.022,6340260.896],[589352.941,6340299.235]]]]}},{"type":"Feature","properties":{"kind":"crop","key":"Permanent græs"},"geometry":{"type":"MultiPolygon","coordinates":[[[[586359.143,6335562.702],[586360.064,6335564.244],[586366.325,6335574.725],[586383.096,6335564.639],[586389.675,6335560.682],[586392.195,6335557.322],[586391.635,6335553.962],[586386.625,6335544.367],[586391.945,6335539.327],[586391.105,6335535.967],[586386.345,6335538.487],[586383.265,6335536.527],[586384.312,6335534.706],[586385.475,6335532.682],[586386.595,6335526.522],[586382.985,6335525.047],[586378.505,6335514.687],[586376.545,6335505.167],[586378.5004108895,6335504.189294555],[586373.3066149025,6335491.143375594],[586372.905,6335491.167],[586368.705,6335486.407],[586368.571,6335486.446],[586365.034,6335487.467],[586362.312,6335485.149],[586360.174,6335483.328],[586357.076,6335484.691],[586356.861,6335484.786],[586355.054,6335484.329],[586354.255,6335484.127],[586354.329,6335483.48],[586355.215,6335475.754],[586361.339,6335471.391],[586363.735,6335470.306],[586365.210741683,6335469.638284664],[586364.9512096674,6335468.582348425],[586362.838,6335465.202],[586358.683,6335458.555],[586358.046,6335453.377],[586357.663,6335450.258],[586352.641,6335445.644],[586351.905,6335444.967],[586345.155,6335447.842],[586342.177,6335444.606],[586340.705,6335443.007],[586340.041,6335443.079],[586334.196,6335443.717],[586333.488,6335441.322],[586332.118,6335436.687],[586336.493,6335432.593],[586338.453,6335427.273],[586334.253,6335425.873],[586333.959,6335423.222],[586333.707,6335420.957],[586333.454,6335420.423],[586332.748,6335418.934],[586335.3731298497,6335416.367803406],[586254.8434151289,6335414.690830437],[586261.607,6335425.726],[586260.22,6335426.991],[586260.198,6335427.011],[586259.842,6335427.336],[586259.803,6335427.371],[586259.756,6335427.414],[586259.718,6335427.449],[586259.007,6335428.097],[586258.766,6335428.316],[586258.555,6335428.508],[586257.53,6335429.443],[586247.8146959807,6335414.544462453],[586162.9224587657,6335412.776643112],[586111.894,6335452.528],[586103.853,6335458.792],[586091.044,6335468.875],[586030.234,6335516.747],[586013.975,6335529.547],[585985.529,6335551.941],[585983.809,6335553.332],[585983.454,6335553.59],[585983.448,6335553.595],[585983.446,6335553.597],[585958.139,6335574.312],[585946.653,6335583.714],[585969.893,6335618.994],[585977.595,6335631.606],[585981.653,6335640.554],[585979.758,6335657.671],[585979.27,6335662.074],[585979.245,6335662.36],[585979.196,6335662.924],[585978.219,6335667.488],[585975.254,6335681.33],[585968.682,6335689.209],[585964.229,6335692.277],[585950.284,6335701.888],[585948.869,6335702.761],[585941.368,6335707.389],[585932.591,6335712.803],[585938.397,6335721.232],[585950.132,6335738.271],[585951.332,6335740.013],[585957.82,6335749.434],[585959.618,6335752.044],[585962.432,6335756.722],[585983.647,6335791.99],[585984.837,6335792.767],[585987.106,6335794.25],[586011.048,6335782.695],[586232.781,6335653.678],[586321.454,6335601.124],[586355.538,6335581.082],[586359.442,6335578.786],[586359.509,6335578.747],[586359.511,6335578.746],[586362.499,6335576.989],[586356.356,6335566.735],[586353.765,6335562.41],[586351.329,6335558.343],[586349.858,6335559.096],[586345.449,6335561.354],[586345.35,6335561.174],[586345.142,6335560.794],[586344.959,6335560.46],[586344.928,6335560.404],[586344.885,6335560.324],[586344.844,6335560.249],[586344.754,6335560.085],[586344.719,6335560.022],[586344.585,6335559.778],[586344.376,6335559.396],[586344.317,6335559.288],[586344.316,6335559.286],[586344.193,6335559.061],[586343.971,6335558.656],[586343.568,6335557.921],[586344.994,6335556.683],[586345.947,6335555.856],[586348.742,6335553.43],[586274.542,6335427.867],[586277.836,6335426.595],[586355.566,6335556.715],[586357.59,6335560.103],[586359.143,6335562.702]],[[586028.981,6335652.711],[586029.615,6335652.518],[586029.987,6335652.405],[586030.522,6335652.241],[586032.682,6335651.584],[586062.072,6335691.152],[586068.842,6335700.267],[586065.314,6335701.502],[586063.525,6335699.854],[586058.612,6335695.328],[586043.266,6335672.927],[586039.058,6335667.148],[586028.625,6335652.819],[586028.981,6335652.711]]],[[[585821.978,6335678.672],[585772.288,6335717.314],[585721.635,6335755.605],[585695.976,6335774.666],[585696.157,6335774.941],[585696.479,6335775.441],[585717.718,6335803.578],[585728.809,6335796.209],[585831.678,6335729.237],[585845.958,6335720.977],[585821.978,6335678.672]],[[585826.346,6335721.397],[585820.358,6335725.292],[585805.969,6335734.65],[585798.953,6335739.213],[585795.453,6335741.489],[585787.308,6335729.585],[585784.533,6335725.529],[585798.714,6335715.919],[585821.885,6335700.217],[585833.253,6335716.905],[585826.346,6335721.397]]],[[[585907.594,6335729.396],[585907.581,6335729.405],[585905.882,6335728.083],[585905.138,6335727.505],[585897.794,6335734.138],[585893.557,6335739.551],[585896.777,6335747.811],[585893.837,6335750.051],[585889.497,6335743.051],[585884.529,6335743.973],[585881.112,6335748.117],[585874.237,6335750.471],[585847.777,6335742.911],[585839.92,6335734.54],[585819.402,6335748.014],[585812.084,6335752.82],[585802.258,6335759.273],[585801.588,6335759.713],[585801.58,6335759.719],[585801.576,6335759.721],[585801.57,6335759.725],[585774.422,6335777.959],[585774.252,6335778.075],[585773.025,6335778.913],[585761.098,6335787.063],[585751.013,6335793.955],[585749.999,6335794.648],[585738.095,6335802.783],[585738.215,6335802.978],[585738.807,6335803.941],[585741.319,6335808.026],[585756.312,6335828.537],[585788.044,6335871.95],[585807.17,6335896.298],[585808.469,6335895.575],[585812.188,6335893.505],[585819.521,6335889.425],[585899.734,6335841.834],[585946.541,6335813.649],[585962.048,6335805.367],[585969.828,6335801.212],[585977.53,6335797.099],[585978.163,6335796.731],[585940.637,6335744.48],[585931.348,6335732.725],[585919.777,6335721.66],[585907.594,6335729.396]]],[[[586399.167,6336687.363],[586404.35,6336684.583],[586429.292,6336670.279],[586451.903,6336657.312],[586458.889,6336653.257],[586477.3,6336642.57],[586490.083,6336635.8],[586511.665,6336624.369],[586498.392,6336592.711],[586497.129,6336589.576],[586501.406,6336588.069],[586695.469,6336500.102],[586699.467,6336497.522],[586749.587,6336474.562],[586801.349,6336451.309],[586798.867,6336448.522],[586793.687,6336438.862],[586785.4,6336427.209],[586781.071,6336421.01],[586777.352,6336416.061],[586776.187,6336411.002],[586768.067,6336401.902],[586769.047,6336389.722],[586770.587,6336382.162],[586771.152,6336376.989],[586768.051,6336373.27],[586766.798,6336365.841],[586761.309,6336361.149],[586762.5850829163,6336352.982069337],[586759.5739577448,6336346.209307161],[586754.776,6336341.273],[586645.287,6336398.262],[586531.301,6336457.174],[586310.406,6336571.862],[586318.489,6336594.939],[586330.626,6336629.596],[586340.507,6336656.921],[586338.216,6336657.43],[586315.383,6336596.583],[586303.157,6336603.558],[586292.72,6336620.612],[586261.157,6336641.485],[586259.629,6336667.958],[586267.011,6336678.649],[586285.429,6336686.118],[586343.577,6336665.149],[586345.669,6336671.177],[586353.668,6336694.221],[586360.66,6336712.907],[586365.988,6336726.702],[586382.903,6336719.039],[586381.947,6336716.343],[586376.347,6336699.403],[586394.967,6336689.183],[586399.167,6336687.363]]],[[[588252.402,6338784.349],[588216.128,6338728.49],[588180.207,6338754.246],[588164.365,6338765.605],[588154.12,6338772.951],[588114.59,6338801.315],[587991.487,6338889.647],[587897.303,6338958.393],[587872.721,6338976.217],[587862.209,6338983.838],[587855.769,6338987.348],[587853.383,6338989.425],[587850.578,6338991.868],[587849.677,6338992.653],[587848.431,6338993.738],[587853.303,6338999.505],[587855.843,6339002.223],[587858.415,6339004.946],[587862.652,6339009.432],[587862.6541109914,6339009.4331176635],[587862.837,6339009.627],[587862.918,6339009.713],[587813.22,6339046.166],[587798.33,6339024.84],[587797.858,6339024.163],[587797.061,6339023.021],[587796.756,6339022.585],[587796.58,6339022.332],[587796.522,6339022.25],[587774.72,6339038.487],[587771.968,6339041.393],[587767.439,6339046.175],[587764.744,6339054.101],[587764.454,6339054.954],[587779.148,6339072.47],[587802.97,6339100.814],[587868.704,6339055.716],[587868.707,6339055.714],[587869.072,6339055.464],[587891.572,6339040.027],[587886.121,6339034.505],[587882.569,6339030.906],[587882.529,6339030.865],[587882.384,6339030.718],[587882.134,6339030.465],[587880.292,6339028.599],[587880.692,6339028.199],[587880.761,6339028.13],[587864.214,6339010.259],[587868.454,6339014.838],[587880.645,6339028.004],[587880.902,6339027.799],[587892.603,6339039.297],[587896.701,6339044.396],[587897.065,6339044.759],[587904.399,6339039.536],[587952.451,6339005.314],[587955.419,6339003.099],[587971.651,6338990.985],[587971.804,6338990.697],[587991.602,6338977.399],[587991.685,6338977.519],[588048.566,6338936.522],[588122.594,6338883.167],[588129.721,6338878.026],[588252.501,6338787.598],[588252.402,6338784.349]],[[588141.1,6338821.301],[588148.191,6338819.452],[588148.216,6338819.442],[588152.932,6338821.851],[588153.181,6338822.054],[588154.342,6338823.001],[588154.598,6338823.201],[588155.175,6338823.681],[588157.649,6338825.7],[588158.037,6338829.07],[588154.664,6338832.339],[588147.639,6338834.079],[588142.732,6338833.689],[588135.031,6338834.169],[588131.18,6338831.959],[588131.18,6338831.949],[588130.998,6338831.799],[588132.202,6338827.4],[588137.999,6338823.701],[588141.1,6338821.301]]],[[[587978.47,6339035.539],[587979.382,6339036.597],[588008.003,6339016.002],[588007.5,6339014.702],[588272.094,6338824.092],[588256.695,6338793.826],[588253.696,6338794.192],[587994.231,6338979.841],[587955.438,6339008.308],[587958.449,6339011.868],[587960.682,6339014.508],[587978.462,6339035.53],[587978.47,6339035.539]],[[587973.607,6338997.467],[587990.967,6339020.007],[587986.207,6339023.787],[587968.707,6339001.247],[587973.607,6338997.467]]],[[[588041.149,6339371.69],[588044.798,6339367.565],[588049.262,6339362.518],[588052.448,6339358.326],[588052.614,6339358.108],[588059.119,6339353.173],[588059.181,6339353.126],[588059.326,6339353.016],[588059.475,6339352.903],[588059.697,6339352.734],[588062.846,6339350.344],[588071.135,6339348.054],[588072.507,6339350.8],[588072.544,6339350.873],[588072.579,6339350.943],[588077.252,6339349.314],[588081.993,6339346.334],[588088.112,6339341.815],[588115.034,6339322.359],[588148.034,6339298.424],[588228.992,6339241.226],[588431.947,6339095.156],[588425.488,6339082.672],[588425.103,6339081.928],[588414.041,6339061.581],[588386.306,6339010.563],[588367.408,6339024.401],[588352.418,6339035.381],[588306.569,6339068.971],[588305.728,6339069.581],[588261.021,6339102.328],[588254.343,6339107.219],[588250.515,6339110.023],[588237.649,6339119.447],[588208.406,6339140.867],[588147.948,6339185.152],[588108.136,6339214.314],[588100.622,6339219.818],[588098.489,6339221.381],[588094.788,6339224.092],[588102.299,6339234.789],[588104.758,6339238.289],[588106.553,6339240.845],[588108.744,6339243.964],[588110.675,6339246.712],[588122.47,6339263.501],[588122.474,6339263.507],[588122.51,6339263.557],[588122.748,6339263.896],[588130.578,6339275.039],[588121.413,6339281.985],[588112.91,6339288.431],[588086.64,6339308.345],[588081.821,6339300.138],[588079.797,6339296.69],[588070.573,6339280.978],[588053.624,6339265.477],[588046.04,6339258.543],[588019.383,6339277.554],[587978.948,6339306.395],[587980.174,6339308.365],[587981.74,6339310.882],[588012.22,6339347.939],[588033.477,6339373.784],[588036.027,6339377.1],[588036.038,6339377.114],[588037.119,6339378.518],[588037.672,6339379.178],[588046.263,6339373.01],[588044.964,6339372.675],[588044.112,6339372.455],[588043.386,6339372.267],[588041.149,6339371.69]]],[[[588639.528,6339351.114],[588635.536,6339345.538],[588612.547,6339349.507],[588614.604,6339341.481],[588612.369,6339336.72],[588604.725,6339336.721],[588603.546,6339318.026],[588610.714,6339321.559],[588623.187,6339321.569],[588623.289,6339318.678],[588610.074,6339304.982],[588592.733,6339286.109],[588590.265,6339284.715],[588587.771,6339280.708],[588580.475,6339280.658],[588578.532,6339276.785],[588582.268,6339273.857],[588582.383,6339271.161],[588570.378,6339250.365],[588564.073,6339239.659],[588552.092,6339219.685],[588550.539,6339219.367],[588524.201,6339237.198],[588524.2,6339237.199],[588524.199,6339237.2],[588524.198,6339237.201],[588519.519,6339240.368],[588516.553,6339242.376],[588574.681,6339329.841],[588574.949,6339330.244],[588582.833,6339342.107],[588583.207,6339342.67],[588589.109,6339351.552],[588600.11,6339368.104],[588618.915,6339396.402],[588622.81,6339402.262],[588623.254,6339402.93],[588623.406,6339403.159],[588625.02,6339405.587],[588626.546,6339407.883],[588626.877,6339408.381],[588627.614,6339409.49],[588629.612,6339412.497],[588630.424,6339413.719],[588642.902,6339404.671],[588662.603,6339390.385],[588664.603,6339388.934],[588664.802,6339388.79],[588660.423,6339383.716],[588642.614,6339353.17],[588638.887,6339355.437],[588637.36,6339353.901],[588639.528,6339351.114]]],[[[588379.775,6339597.078],[588384.773,6339605.408],[588391.913,6339614.228],[588404.093,6339622.628],[588415.013,6339630.188],[588426.353,6339639.848],[588436.853,6339649.928],[588444.413,6339657.488],[588454.913,6339665.468],[588467.933,6339673.448],[588469.124,6339674.21],[588468.763,6339674.455],[588428.875,6339701.547],[588446.716,6339687.75],[588440.917,6339683.006],[588431.117,6339674.606],[588409.617,6339659.83],[588384.917,6339641.006],[588380.702,6339636.704],[588380.123,6339636.247],[588357.586,6339613.388],[588357.217,6339613.61],[588356.977,6339613.754],[588356.172,6339614.237],[588354.589,6339615.186],[588353.781,6339615.67],[588351.865,6339616.819],[588351.822,6339616.849],[588351.446,6339617.109],[588332.697,6339630.306],[588327.338,6339633.879],[588361.357,6339672.537],[588346.486,6339683.997],[588380.016,6339725.114],[588393.565,6339715.675],[588393.566,6339715.674],[588400.377,6339710.93],[588402.794,6339709.549],[588410.177,6339705.33],[588417.877,6339704.07],[588424.737,6339703.93],[588426.235,6339703.34],[588407.79,6339715.868],[588422.767,6339736.224],[588428.921,6339738.97],[588430.742,6339741.748],[588430.747,6339741.757],[588444.39,6339765.526],[588437.11,6339770.426],[588433.61,6339766.646],[588430.67,6339768.886],[588439.21,6339782.046],[588427.17,6339789.606],[588418.35,6339776.726],[588406.87,6339783.446],[588401.144,6339788.462],[588401.139,6339788.466],[588400.399,6339787.668],[588400.373,6339787.685],[588388.467,6339774.817],[588383.957,6339778.594],[588377.344,6339784.131],[588436.163,6339854.745],[588469.343,6339830.525],[588535.283,6339783.625],[588581.364,6339750.917],[588623.913,6339720.4],[588777.786,6339611.31],[588784.278,6339606.21],[588784.678,6339601.594],[588781.376,6339595.016],[588774.194,6339580.677],[588766.929,6339567.698],[588761.903,6339556.924],[588755.417,6339544.005],[588751.917,6339538.125],[588742.065,6339537.665],[588559.449,6339659.368],[588513.34,6339690.572],[588496.277,6339701.785],[588493.897,6339700.245],[588492.777,6339698.145],[588495.479,6339696.306],[588499.053,6339693.477],[588491.892,6339688.835],[588484.726,6339684.19],[588484.725,6339684.19],[588469.223,6339674.142],[588470.309,6339673.405],[588501.047,6339691.899],[588501.529,6339692.189],[588504.081,6339690.569],[588522.668,6339678.167],[588547.847,6339661.368],[588737.164,6339535.75],[588733.063,6339527.883],[588727.043,6339518.363],[588719.063,6339506.043],[588714.443,6339496.523],[588714.327,6339491.478],[588714.205,6339486.136],[588703.285,6339466.536],[588694.605,6339451.136],[588680.605,6339431.816],[588664.469,6339414.321],[588654.005,6339402.976],[588629.767,6339418.011],[588543.2,6339479.427],[588422.029,6339566.942],[588405.072,6339579.189],[588379.775,6339597.078]],[[588580.503,6339750.154],[588579.382,6339749.159],[588579.035,6339748.852],[588554.984,6339727.515],[588579.052,6339748.866],[588580.471,6339750.032],[588580.503,6339750.153],[588581.364,6339750.917],[588580.503,6339750.154]],[[588524.771,6339700.712],[588540.572,6339714.73],[588543.247,6339717.103],[588532.099,6339707.214],[588523.654,6339699.722],[588524.04,6339700.064],[588524.771,6339700.712]],[[588599.449,6339677.103],[588599.373,6339676.235],[588598.892,6339672.263],[588596.828,6339670.612],[588592.624,6339668.423],[588591.271,6339667.945],[588588.948,6339667.339],[588586.001,6339664.677],[588585.449,6339664.309],[588585.449,6339664.179],[588584.639,6339663.447],[588585.298,6339659.89],[588585.449,6339659.486],[588585.449,6339658.709],[588585.964,6339658.108],[588586.68,6339656.193],[588589.918,6339654.01],[588592.461,6339654.789],[588594.129,6339654.789],[588595.47,6339655.711],[588596.312,6339655.969],[588604.377,6339661.223],[588612.37,6339666.408],[588612.373,6339666.41],[588612.609,6339666.549],[588618.642,6339669.203],[588624.809,6339671.231],[588633.288,6339678.597],[588634.649,6339679.989],[588639.769,6339684.469],[588640.329,6339695.669],[588639.85,6339696.082],[588639.821,6339696.667],[588634.228,6339700.938],[588634.169,6339700.989],[588634.115,6339701.024],[588634.112,6339701.026],[588634.11,6339701.028],[588632.176,6339702.505],[588627.033,6339705.702],[588626.989,6339705.684],[588626.889,6339705.749],[588621.569,6339703.509],[588619.563,6339701.303],[588618.546,6339700.348],[588617.933,6339700.125],[588616.093,6339699.456],[588612.394,6339698.664],[588605.06,6339693.132],[588600.346,6339687.354],[588599.876,6339681.982],[588599.449,6339679.989],[588599.449,6339677.103]]],[[[589139.258,6339987.785],[589135.618,6339984.005],[589131.698,6339977.565],[589136.675,6339973.361],[589133.294,6339972.266],[589125.954,6339972.343],[589123.832,6339972.828],[589121.478,6339973.365],[589123.718,6339964.685],[589122.598,6339963.005],[589124.278,6339958.105],[589127.098,6339956.451],[589128.152,6339955.833],[589126.686,6339952.441],[589127.354,6339949.945],[589127.689,6339948.695],[589119.123,6339951.771],[589089.553,6339972.166],[589085.793,6339977.075],[589085.589,6339977.34],[589085.196,6339977.853],[589086.65,6339979.987],[589089.806,6339984.619],[589089.866,6339984.707],[589094.471,6339991.466],[589104.45,6340004.019],[589106.944,6340006.978],[589116.37,6340018.161],[589116.747,6340018.768],[589117.582,6340020.111],[589118.144,6340021.017],[589118.299,6340021.267],[589124.239,6340030.833],[589124.54,6340031.318],[589124.981,6340032.028],[589127.095,6340035.434],[589127.176,6340035.563],[589127.232,6340035.653],[589130.786,6340032.464],[589139.591,6340024.565],[589147.053,6340017.009],[589150.891,6340013.124],[589153.821,6340011.204],[589154.558,6340010.721],[589158.58,6340010.026],[589168.456,6340008.318],[589168.4700229662,6340007.894163003],[589164.910591694,6340003.837385421],[589162.4763592756,6340000.923203285],[589156.603,6340002.695],[589153.479,6340001.931],[589151.767,6340001.512],[589146.678,6339997.305],[589139.818,6339994.225],[589139.267,6339992.336],[589139.182,6339992.046],[589139.238,6339988.879],[589139.258,6339987.785]]],[[[589231.093,6340147.381],[589226.211,6340148.861],[589224.521,6340145.482],[589226.386,6340143.53],[589228.353,6340141.471],[589226.674,6340140.323],[589226.596,6340140.117],[589225.7,6340137.763],[589225.754,6340134.192],[589225.791,6340131.755],[589226.37,6340129.749],[589227.516,6340125.779],[589228.982,6340118.557],[589233.41,6340113.278],[589233.449,6340112.931],[589233.675,6340110.926],[589233.464,6340110.595],[589232.175,6340108.573],[589232.266,6340105.074],[589232.352,6340101.751],[589230.442,6340098.161],[589230.025,6340095.927],[589224.893,6340084.073],[589224.305,6340082.716],[589222.668,6340079.836],[589218.608,6340077.616],[589219.534,6340074.743],[589219.664,6340074.338],[589218.06,6340073.381],[589217.542,6340073.072],[589215.019,6340074.322],[589213.134,6340075.256],[589212.209,6340073.213],[589211.22,6340071.027],[589205.72,6340070.817],[589202.331,6340075.886],[589201.498,6340074.613],[589200.349,6340072.859],[589201.586,6340069.22],[589200.744,6340057.433],[589199.7767973916,6340043.888751833],[589198.7733397826,6340042.431651423],[589197.1339391727,6340040.563183363],[589194.333,6340039.443],[589189.666,6340039.863],[589186.457,6340037.999],[589187.322,6340035.127],[589186.635,6340033.551],[589186.289,6340032.756],[589186.205,6340032.563],[589186.174,6340032.492],[589186.14,6340032.413],[589186.071,6340032.255],[589182.071,6340032.465],[589180.734,6340032.85],[589178.691,6340038.879],[589176.151,6340033.734],[589176.203,6340033.399],[589177.065,6340027.825],[589173.187,6340027.672],[589172.482,6340024.773],[589168.249,6340021.168],[589166.02,6340018.388],[589166.415,6340015.027],[589167.163,6340012.723],[589161.268,6340012.239],[589158.791,6340012.703],[589155.418,6340013.335],[589155.358,6340013.382],[589155.231,6340013.481],[589155.229,6340013.482],[589142.032,6340026.158],[589140.939,6340027.208],[589139.946,6340028.162],[589139.714,6340028.385],[589139.692,6340028.407],[589139.685,6340028.413],[589139.53,6340028.562],[589139.528,6340028.564],[589139.522,6340028.569],[589139.479,6340028.61],[589129.32,6340038.369],[589119.103,6340048.287],[589114.516,6340052.739],[589115.353,6340054.153],[589188.717,6340167.745],[589197.644,6340181.568],[589198.0,6340181.27],[589198.022,6340181.252],[589198.115,6340181.174],[589198.147,6340181.147],[589198.186,6340181.114],[589198.232,6340181.076],[589198.239,6340181.07],[589198.263,6340181.05],[589198.417,6340180.921],[589198.632,6340180.741],[589198.633,6340180.74],[589198.659,6340180.718],[589198.903,6340180.514],[589203.37,6340176.775],[589209.68,6340172.681],[589209.951,6340172.506],[589210.947,6340171.743],[589214.873,6340168.737],[589221.272,6340161.848],[589227.341,6340157.419],[589230.087,6340156.287],[589230.258,6340156.216],[589230.905,6340155.949],[589235.702,6340153.97],[589238.951,6340151.71],[589239.553,6340150.551],[589239.974,6340149.741],[589238.836,6340147.391],[589238.5068641991,6340146.710980505],[589234.1870179629,6340145.091789337],[589233.599,6340145.527],[589231.093,6340147.381]]],[[[589323.357,6340210.546],[589325.967,6340212.98],[589326.055,6340213.615],[589326.355,6340214.391],[589329.495,6340216.331],[589330.024,6340217.919],[589332.105,6340218.024],[589335.351,6340220.917],[589348.368,6340231.853],[589367.418,6340248.257],[589386.645,6340264.485],[589367.474,6340283.098],[589368.217,6340282.497],[589383.05,6340270.5],[589397.648,6340258.278],[589396.788,6340256.829],[589393.288,6340255.569],[589389.228,6340252.769],[589386.444,6340249.22],[589385.744,6340244.04],[589387.316,6340240.597],[589383.908,6340241.709],[589382.648,6340240.449],[589382.944,6340234.8],[589379.708,6340232.189],[589380.128,6340229.669],[589378.728,6340227.989],[589375.648,6340226.029],[589374.3717605264,6340223.01452974],[589374.0762397125,6340222.8358005835],[589370.328,6340224.349],[589365.896,6340223.517],[589361.323,6340220.938],[589360.0,6340220.416],[589359.549,6340219.994],[589357.636,6340219.037],[589352.844,6340218.14],[589350.728,6340213.709],[589348.396,6340208.257],[589344.5980567482,6340206.010091211],[589343.7865216968,6340205.788561114],[589337.336,6340206.857],[589332.205,6340205.914],[589329.892,6340206.713],[589326.811,6340207.273],[589320.974,6340208.088],[589320.777,6340208.246],[589323.357,6340210.546]]],[[[589260.822,6340183.909],[589239.682,6340158.709],[589238.294,6340156.424],[589232.735,6340159.372],[589224.289,6340163.704],[589218.642,6340169.227],[589213.381,6340173.326],[589200.162,6340183.044],[589192.95,6340188.796],[589194.724,6340195.375],[589299.29,6340324.115],[589298.17,6340325.515],[589293.97,6340320.475],[589203.184,6340389.649],[589153.439,6340431.498],[589156.939,6340434.858],[589154.363,6340436.957],[589150.324,6340431.885],[589125.435,6340453.438],[589139.983,6340464.104],[589161.544,6340447.933],[589163.323,6340446.873],[589157.639,6340440.178],[589160.019,6340439.338],[589165.339,6340445.778],[589225.117,6340400.253],[589304.47,6340334.055],[589357.777,6340290.941],[589304.642,6340242.849],[589300.722,6340238.649],[589260.822,6340183.909]]],[[[588998.578,6340340.721],[588943.888,6340387.651],[588947.58,6340393.959],[588993.09,6340439.654],[589093.609,6340537.553],[589171.698,6340618.481],[589215.92,6340662.014],[589217.353,6340662.653],[589226.9,6340658.353],[589294.323,6340603.187],[589293.83,6340602.616],[589282.868,6340589.927],[589281.803,6340589.715],[589280.057,6340589.367],[589277.609,6340586.483],[589271.366,6340578.096],[589269.413,6340579.498],[589268.797,6340578.902],[589208.737,6340615.862],[588978.157,6340401.662],[589027.051,6340362.856],[589030.5,6340357.982],[589030.45,6340357.836],[589030.511,6340357.787],[589012.156,6340329.692],[589011.409,6340330.298],[589011.145,6340329.937],[588998.578,6340340.721]]],[[[589891.876,6340810.791],[589868.75,6340788.636],[589853.63,6340771.416],[589816.11,6340725.635],[589792.953,6340742.871],[589767.897,6340761.521],[589718.852,6340799.978],[589899.978,6341044.311],[589915.2320035122,6341063.553453513],[590037.0445797545,6341066.215060233],[590041.063,6341063.304],[590053.436,6341053.969],[590058.551,6341031.44],[590058.552,6341031.436],[590058.553,6341031.432],[590058.554,6341031.427],[590058.554,6341031.424],[590058.664,6341030.678],[590058.555,6341031.419],[590065.268,6341001.853],[590057.611,6340995.836],[590052.711,6340995.276],[590044.311,6340990.936],[590021.911,6340963.216],[589998.391,6340936.896],[589978.629,6340919.332],[589973.61,6340911.696],[589962.83,6340892.096],[589956.574,6340894.496],[589935.976,6340901.123],[589935.765,6340901.287],[589899.718,6340929.195],[589887.176,6340939.125],[589884.669,6340937.112],[589929.397,6340900.278],[589932.012,6340899.036],[589935.949,6340897.165],[589960.87,6340889.016],[589957.65,6340883.136],[589945.75,6340872.216],[589939.17,6340866.336],[589932.59,6340852.616],[589925.73,6340840.296],[589917.19,6340830.776],[589903.47,6340819.716],[589891.876,6340810.791]]],[[[590056.416,6341051.325],[590055.507,6341055.0],[590052.967,6341057.7],[590041.5243051127,6341066.312942303],[590066.6293056,6341066.861486961],[590162.260747281,6341068.951035476],[590168.581,6341064.12],[590157.267,6341059.532],[590148.307,6341056.452],[590139.767,6341049.732],[590127.891,6341037.556],[590104.168,6341015.676],[590081.831,6341005.216],[590070.105,6341002.843],[590067.781,6341005.394],[590056.416,6341051.325]]]]}},{"type":"Feature","properties":{"kind":"crop","key":"Brak"},"geometry":{"type":"MultiPolygon","coordinates":[[[[586400.657,6335681.425],[586347.862,6335709.966],[586347.436,6335708.589],[586401.11,6335678.708],[586421.118,6335667.788],[586368.044,6335576.918],[586361.908,6335580.589],[586347.223,6335589.133],[586319.161,6335606.063],[586287.236,6335624.896],[586287.478,6335625.36],[586291.569,6335622.993],[586375.816,6335790.519],[586373.909,6335791.517],[586373.966,6335791.627],[586390.637,6335782.907],[586405.536,6335775.113],[586442.984,6335755.523],[586442.321,6335754.343],[586438.292,6335733.528],[586423.617,6335670.139],[586400.657,6335681.425]]],[[[586535.143,6335974.618],[586535.137,6335974.6],[586535.131,6335974.583],[586534.272,6335972.094],[586495.907,6335860.889],[586432.11,6335891.939],[586430.115,6335889.633],[586495.963,6335857.934],[586441.214,6335760.603],[586424.795,6335768.965],[586387.575,6335787.796],[586377.364,6335793.139],[586481.587,6336001.934],[586485.796,6335999.838],[586524.514,6335980.392],[586535.597,6335976.13],[586535.144,6335974.62],[586535.143,6335974.618]]],[[[586668.566,6336382.262],[586670.363,6336381.332],[586680.625,6336376.022],[586689.44,6336371.46],[586693.429,6336369.396],[586703.239,6336364.319],[586671.765,6336286.554],[586671.659,6336286.292],[586671.613,6336286.178],[586671.526,6336285.963],[586671.049,6336284.784],[586669.681,6336281.404],[586669.112,6336279.998],[586668.709,6336279.002],[586668.144,6336277.608],[586666.303,6336273.059],[586662.758,6336264.3],[586659.793,6336256.975],[586656.626,6336249.15],[586655.474,6336246.303],[586655.148,6336245.496],[586654.785,6336244.599],[586651.444,6336236.344],[586642.246,6336213.617],[586636.737,6336200.006],[586628.737,6336180.241],[586587.857,6336075.801],[586576.609,6336048.364],[586569.373,6336030.714],[586565.409,6336021.045],[586546.417,6335974.72],[586526.605,6335984.345],[586515.664,6335989.66],[586517.34,6335993.527],[586519.3,6335998.567],[586521.54,6336004.727],[586642.22,6336307.127],[586636.429,6336328.605],[586661.403,6336385.969],[586662.305,6336385.502],[586662.842,6336385.224],[586662.865,6336385.212],[586662.907,6336385.19],[586662.919,6336385.184],[586663.077,6336385.102],[586663.757,6336384.75],[586666.793,6336383.179],[586667.8,6336382.658],[586668.566,6336382.262]]],[[[586967.131,6337340.917],[586981.411,6337343.017],[586995.613,6337349.335],[587009.473,6337358.015],[587026.273,6337366.135],[587061.321,6337388.403],[587068.881,6337398.203],[587078.681,6337407.023],[587094.572,6337417.019],[587096.354,6337417.414],[587101.477,6337421.431],[587105.025,6337424.947],[587112.165,6337429.147],[587124.245,6337435.438],[587132.361,6337438.093],[587134.814,6337433.993],[587138.718,6337427.468],[587162.214,6337332.194],[587158.598,6337313.788],[587135.895,6337245.695],[587134.486,6337241.469],[587134.148,6337241.489],[587120.251,6337198.772],[587091.448,6337122.014],[587059.823,6337045.963],[587049.838,6337024.289],[587049.647,6337023.858],[587049.572,6337023.695],[587026.681,6336977.37],[587001.481,6336928.09],[586950.715,6336834.688],[586932.74,6336791.784],[586932.489,6336791.288],[586902.249,6336728.988],[586887.689,6336699.588],[586883.069,6336698.608],[586865.875,6336709.248],[586824.46,6336732.476],[586822.8,6336732.055],[586821.035,6336731.607],[586820.84,6336731.557],[586820.088,6336731.366],[586823.137,6336729.586],[586825.099,6336728.441],[586826.641,6336727.541],[586829.947,6336725.611],[586836.524,6336721.771],[586837.19,6336721.382],[586837.298,6336721.319],[586837.338,6336721.295],[586837.354,6336721.286],[586845.524,6336716.516],[586844.953,6336716.719],[586878.327,6336697.366],[586882.145,6336696.105],[586862.545,6336662.225],[586836.085,6336614.765],[586796.605,6336634.785],[586766.444,6336649.113],[586766.358,6336648.78],[586766.32,6336648.632],[586766.294,6336648.532],[586766.271,6336648.442],[586766.256,6336648.385],[586766.253,6336648.374],[586766.242,6336648.332],[586766.226,6336648.27],[586765.911,6336647.052],[586765.764,6336646.483],[586765.625,6336645.943],[586831.069,6336613.229],[586794.109,6336543.369],[586759.249,6336473.089],[586697.649,6336501.229],[586693.286,6336503.236],[586693.296,6336503.257],[586694.362,6336502.767],[586770.132,6336643.297],[586765.316,6336645.873],[586766.436,6336649.607],[586772.11,6336646.695],[586803.107,6336705.059],[586818.063,6336732.882],[586842.121,6336777.909],[586870.065,6336830.139],[586884.487,6336856.779],[586910.284,6336905.126],[586954.832,6336988.408],[586957.558,6336996.062],[586983.618,6337071.625],[587019.545,6337175.909],[587050.815,6337266.361],[586999.71,6337287.574],[586974.72,6337297.842],[586951.688,6337307.866],[586951.689,6337307.861],[586951.791,6337307.264],[586951.736,6337307.286],[586951.629,6337307.891],[586946.333,6337323.155],[586944.513,6337340.655],[586944.373,6337345.555],[586947.251,6337346.517],[586951.169,6337346.123],[586960.475,6337342.188],[586967.131,6337340.917]]],[[[587526.789,6337987.801],[587616.252,6337911.396],[587533.439,6337811.007],[587494.747,6337765.874],[587474.46,6337741.064],[587473.57,6337741.269],[587455.482,6337717.856],[587454.023,6337714.627],[587439.945,6337696.526],[587408.156,6337656.16],[587408.338,6337656.003],[587404.39,6337650.81],[587335.439,6337562.23],[587334.547,6337561.084],[587329.89,6337555.019],[587266.058,6337478.968],[587250.433,6337459.468],[587227.058,6337431.343],[587203.984,6337444.971],[587193.974,6337448.421],[587168.271,6337448.681],[587157.37,6337449.041],[587140.574,6337446.711],[587127.141,6337443.322],[587125.855,6337442.779],[587124.468,6337443.057],[587124.331,6337443.084],[587124.332,6337443.086],[587124.333,6337443.088],[587124.335,6337443.09],[587125.991,6337444.753],[587141.177,6337459.995],[587145.677,6337464.995],[587165.341,6337491.664],[587172.3,6337499.939],[587193.4,6337529.001],[587193.462,6337528.958],[587435.346,6337862.247],[587526.789,6337987.801]]],[[[587067.337,6338062.486],[587067.477,6338057.726],[587073.217,6338049.466],[587077.557,6338048.066],[587079.097,6338046.946],[587042.977,6337994.306],[587043.45,6337993.123],[587034.913,6337980.779],[587031.927,6337981.425],[587033.124,6337983.509],[587004.63,6338001.332],[587006.083,6338003.772],[587049.277,6338075.786],[587067.337,6338062.486]]],[[[587825.055,6338870.257],[587823.214,6338871.731],[587808.383,6338883.842],[587807.689,6338884.409],[587805.856,6338885.906],[587804.56,6338886.964],[587804.182,6338887.272],[587803.408,6338887.904],[587797.833,6338892.457],[587776.658,6338908.414],[587771.727,6338908.414],[587768.107,6338911.173],[587771.976,6338915.243],[587772.129,6338915.404],[587772.147,6338915.423],[587772.149,6338915.426],[587772.256,6338915.539],[587772.281,6338915.565],[587772.29,6338915.574],[587772.32,6338915.605],[587772.393,6338915.682],[587772.401,6338915.691],[587772.45,6338915.742],[587772.483,6338915.777],[587772.49,6338915.784],[587772.493,6338915.788],[587772.507,6338915.803],[587772.53,6338915.827],[587809.584,6338954.814],[587845.832,6338992.656],[587850.661,6338988.699],[587850.712,6338988.657],[587850.717,6338988.652],[587850.724,6338988.647],[587850.781,6338988.6],[587853.798,6338986.128],[587877.735,6338968.246],[587893.386,6338956.554],[587921.934,6338936.0],[587844.316,6338854.832],[587842.105,6338856.603],[587841.365,6338857.195],[587841.186,6338857.338],[587837.743,6338860.095],[587836.847,6338860.813],[587827.561,6338868.249],[587825.886,6338869.591],[587825.839,6338869.629],[587825.728,6338869.718],[587825.654,6338869.777],[587825.055,6338870.257]]],[[[587957.38,6339057.453],[587957.379,6339057.454],[587957.378,6339057.455],[587953.329,6339064.217],[587995.228,6339106.515],[588040.168,6339153.555],[588205.92,6339032.89],[588322.522,6338949.345],[588339.561,6338937.038],[588343.37,6338934.408],[588339.017,6338927.121],[588278.136,6338825.211],[588162.796,6338908.409],[588161.847,6338909.094],[588160.724,6338909.903],[588160.174,6338910.3],[588156.843,6338912.703],[588150.407,6338917.345],[588149.676,6338917.873],[588147.261,6338919.615],[588143.585,6338922.267],[588140.653,6338924.382],[588136.934,6338927.065],[588135.673,6338927.974],[588132.969,6338929.925],[588131.414,6338931.047],[587957.38,6339057.453]]],[[[588180.699,6339055.46],[588118.469,6339100.518],[588059.061,6339142.931],[588042.939,6339154.436],[588036.552,6339160.065],[588243.281,6339012.518],[588310.154,6338963.531],[588354.674,6339028.631],[588276.632,6339086.475],[588311.715,6339060.913],[588352.947,6339031.112],[588388.66,6339003.066],[588344.713,6338937.818],[588302.495,6338968.363],[588241.694,6339012.165],[588180.699,6339055.46]]],[[[588439.021,6339105.25],[588439.019,6339105.247],[588432.928,6339097.045],[588432.311,6339095.854],[588432.3,6339095.862],[588432.299,6339095.862],[588432.295,6339095.865],[588432.245,6339095.901],[588432.214,6339095.924],[588230.65,6339243.539],[588232.487,6339246.537],[588234.444,6339246.261],[588237.601,6339252.753],[588261.961,6339291.254],[588258.881,6339292.514],[588234.904,6339255.991],[588234.528,6339255.857],[588233.355,6339255.959],[588262.299,6339297.956],[588219.879,6339329.456],[588197.988,6339345.849],[588237.37,6339317.282],[588264.72,6339297.442],[588469.455,6339148.539],[588466.917,6339144.311],[588439.028,6339105.259],[588439.024,6339105.254],[588439.021,6339105.25]]],[[[588346.66,6339345.045],[588385.9,6339310.942],[588402.897,6339296.335],[588416.478,6339288.076],[588440.721,6339275.759],[588445.543,6339273.928],[588472.962,6339262.534],[588493.256,6339251.017],[588520.473,6339233.751],[588525.458,6339230.589],[588518.213,6339219.949],[588506.999,6339203.48],[588471.298,6339151.049],[588270.04,6339297.934],[588194.377,6339353.21],[588189.45,6339357.051],[588175.504,6339367.922],[588174.244,6339365.822],[588175.176,6339364.914],[588152.257,6339336.497],[588146.476,6339329.33],[588146.456,6339329.305],[588134.381,6339314.333],[588133.386,6339313.099],[588039.462,6339378.852],[588080.669,6339428.998],[588085.982,6339429.017],[588114.262,6339408.857],[588118.918,6339407.832],[588118.926,6339407.832],[588149.626,6339451.483],[588159.9,6339466.1],[588159.616,6339466.314],[588159.824,6339466.622],[588156.805,6339469.557],[588158.813,6339469.78],[588150.329,6339475.851],[588144.844,6339481.182],[588138.144,6339484.57],[588130.702,6339489.895],[588133.774,6339493.921],[588133.777,6339493.925],[588133.783,6339493.933],[588144.109,6339506.942],[588173.588,6339486.496],[588173.689,6339486.42],[588212.533,6339457.152],[588224.251,6339441.435],[588235.968,6339429.767],[588259.79,6339405.402],[588312.382,6339365.82],[588336.872,6339353.313],[588346.66,6339345.045]]],[[[588256.273,6339427.446],[588248.348,6339433.253],[588244.561,6339436.028],[588243.226,6339437.006],[588242.901,6339437.244],[588242.178,6339438.133],[588241.939,6339438.003],[588241.071,6339438.847],[588238.089,6339440.77],[588219.741,6339470.595],[588233.529,6339486.955],[588233.147,6339487.274],[588230.566,6339490.303],[588228.326,6339492.683],[588228.236,6339492.752],[588228.592,6339493.679],[588200.289,6339514.732],[588200.287,6339514.733],[588200.284,6339514.735],[588200.282,6339514.737],[588200.28,6339514.739],[588186.154,6339526.543],[588195.272,6339531.479],[588207.032,6339543.239],[588221.872,6339558.079],[588237.847,6339575.706],[588238.128,6339575.848],[588254.012,6339561.639],[588264.251,6339550.253],[588264.993,6339547.352],[588262.125,6339538.235],[588242.039,6339513.158],[588244.506,6339511.121],[588244.448,6339511.032],[588262.928,6339495.072],[588265.747,6339494.191],[588265.749,6339494.191],[588268.242,6339492.205],[588268.495,6339492.221],[588269.471,6339491.445],[588270.192,6339492.329],[588271.449,6339492.409],[588271.888,6339492.272],[588272.356,6339492.467],[588273.546,6339492.543],[588274.113,6339493.199],[588274.115,6339493.2],[588278.608,6339495.072],[588301.655,6339522.006],[588301.848,6339522.232],[588302.128,6339527.832],[588295.988,6339548.733],[588319.573,6339574.408],[588318.674,6339581.417],[588314.13,6339587.075],[588306.569,6339596.016],[588310.209,6339606.936],[588310.489,6339615.616],[588308.911,6339623.508],[588310.786,6339625.683],[588310.024,6339626.319],[588315.687,6339632.185],[588319.418,6339630.123],[588339.049,6339615.336],[588362.289,6339600.216],[588367.609,6339596.296],[588370.851,6339595.049],[588370.853,6339595.048],[588370.88,6339595.027],[588343.273,6339559.478],[588319.653,6339530.278],[588314.37,6339523.895],[588314.424,6339523.814],[588313.412,6339522.562],[588315.626,6339520.961],[588312.447,6339515.679],[588312.444,6339515.673],[588312.233,6339515.323],[588347.588,6339490.416],[588319.865,6339457.095],[588299.705,6339431.055],[588283.685,6339407.433],[588256.85,6339427.163],[588256.273,6339427.446]]],[[[588368.339,6339745.592],[588365.236,6339740.67],[588364.969,6339739.6],[588364.116,6339736.19],[588380.016,6339725.114],[588346.046,6339683.458],[588346.977,6339684.626],[588315.398,6339707.659],[588370.836,6339773.854],[588381.476,6339766.43],[588369.571,6339747.546],[588369.569,6339747.544],[588369.569,6339747.543],[588368.38,6339745.793],[588368.339,6339745.592]]],[[[589602.857,6341045.449],[589614.6120661007,6341056.984903121],[589913.3688255431,6341063.512743046],[589866.987,6341000.704],[589719.768,6340801.344],[589625.87,6340877.275],[589520.126,6340962.785],[589531.569,6340974.385],[589573.182,6341016.566],[589595.955,6341039.65],[589602.857,6341045.449]]]]}},{"type":"Feature","properties":{"kind":"crop","key":"Træer og skov"},"geometry":{"type":"Polygon","coordinates":[[[587957.618,6339011.319],[587956.261,6339009.743],[587954.15,6339007.293],[587898.103,6339044.996],[587897.954,6339044.786],[587897.303,6339045.256],[587896.962,6339044.833],[587896.913,6339044.867],[587892.644,6339039.477],[587892.562,6339039.397],[587892.504,6339039.397],[587891.572,6339040.027],[587891.267,6339040.237],[587822.791,6339087.216],[587822.782,6339087.222],[587822.541,6339087.388],[587820.155,6339089.027],[587802.976,6339100.811],[587802.97,6339100.814],[587802.937,6339100.774],[587802.896,6339100.804],[587802.698,6339100.504],[587802.303,6339100.804],[587839.104,6339144.795],[587946.003,6339063.402],[587966.403,6339047.695],[587978.286,6339037.465],[587957.623,6339011.325],[587957.618,6339011.319]]]}},{"type":"Feature","properties":{"kind":"road"},"geometry":{"type":"LineString","coordinates":[[589602.975250681,6341056.73063852],[589512.9520847353,6340966.600399242],[589327.1535125702,6340782.101244218],[589294.0565462644,6340749.234825608],[588909.9222210881,6340365.0964237],[588773.405787354,6340228.602435687],[588486.6857357611,6339925.424832552],[588428.3009472585,6339859.306447475],[588365.2203292202,6339783.455987796],[588308.2784360601,6339714.987397715],[588284.8529858588,6339686.75781431],[588247.0178442658,6339641.171173703],[588232.8678005624,6339624.120247329],[588009.8166424552,6339355.359501483],[587909.1067954537,6339235.373558919],[587888.0011569768,6339210.659049926],[587810.788581378,6339121.476667892],[587728.780725528,6339025.913337723],[587727.856759925,6339024.72444066],[587692.3852893536,6338979.149099419],[587511.1300994555,6338738.644964665],[587490.5680025301,6338713.443108919],[587380.7856520545,6338596.362990267],[587360.0006914105,6338570.4778505545],[587293.5914772674,6338498.015395745],[587246.6702038395,6338439.830235907],[587204.8178222188,6338379.236328367],[587155.6673291696,6338301.662959046],[587074.9719810573,6338172.2453845525],[587041.0977457364,6338117.924086719],[587019.507067253,6338083.293673322],[586939.6397779695,6337955.778406783],[586865.3812050321,6337838.53850899],[586844.3245771866,6337802.817972181],[586797.4809225146,6337727.33572517],[586777.7022220717,6337698.657746113],[586731.935135881,6337633.120577613],[586652.8063565532,6337525.147248679],[586644.7587888467,6337514.934007443],[586605.4040498297,6337463.2630337505],[586584.1863830799,6337435.869805953],[586561.6725270816,6337405.955165303],[586502.5491698177,6337328.59299729],[586478.906604777,6337294.757804304],[586453.3597059556,6337253.06583529],[586437.6001803876,6337222.3025567625],[586421.5280675403,6337185.374971168],[586377.2419488595,6337063.617651977],[586366.8195149599,6337036.463003955],[586357.2428378104,6337016.575180808],[586346.2856021352,6336996.168514448],[586266.3607625703,6336859.234955046],[586213.5591595747,6336768.780961118],[586190.7676892732,6336730.4222188685],[586145.1422676692,6336653.64859266],[586015.3283870365,6336435.2038423065],[585962.8312739029,6336343.245397607],[585927.6163084065,6336275.443815725],[585880.2954150367,6336166.869291363],[585840.5387472012,6336076.725771473],[585809.1334777706,6336013.469885079],[585785.0723776993,6335971.1787798125],[585759.1639135294,6335930.408347942],[585723.0867045493,6335879.293663919],[585685.1723486272,6335829.1878669765],[585655.8851499169,6335790.47477931],[585622.0479764794,6335741.222625815],[585615.8769009497,6335730.972608436],[585610.1620948466,6335721.478131456],[585592.7541082501,6335692.566145678],[585568.4029082422,6335647.430946765],[585485.6111318532,6335474.566110002],[585466.69184123,6335434.677503876],[585451.6277821112,6335397.964446771]]}},{"type":"Feature","properties":{"kind":"coast"},"geometry":{"type":"MultiLineString","coordinates":[[[586340.0786083161,6335416.465791586],[586339.4318145897,6335418.657035386],[586340.5027493716,6335425.0265532965],[586339.9745002361,6335437.253152363],[586359.3651076187,6335445.854641518],[586365.9620669035,6335472.695138845],[586390.0217916213,6335533.12901412],[586418.4737096278,6335584.913890226],[586442.2772960875,6335611.01269769],[586458.9306450202,6335637.2735477],[586462.8282138333,6335668.133162978],[586461.3520354532,6335692.076473542],[586461.4900948522,6335716.376548101],[586466.6539974869,6335747.151368261],[586473.4202475018,6335755.75604281],[586478.968303787,6335769.357198183],[586483.7643586043,6335770.916487814],[586495.2028852693,6335780.0534545025],[586506.0015080377,6335787.673769089],[586519.7487794105,6335787.995545814],[586523.5025177555,6335790.780168954],[586524.6043575137,6335795.368752205],[586518.2395852731,6335804.555461803],[586528.4395518656,6335820.804262709],[586536.3014178869,6335841.202035085],[586547.8802677486,6335843.349140775],[586547.7312076851,6335853.6238845885],[586540.5455998658,6335864.730874138],[586533.3896695903,6335871.829794099],[586537.8578536614,6335892.4681568835],[586562.9056121357,6335937.579527589],[586572.2148562577,6335935.703772821],[586577.9797093716,6335938.085257405],[586582.2034580006,6335942.683724548],[586574.1532395283,6335956.355891272],[586579.6156803521,6335985.533683127],[586586.5430407748,6335995.656347452],[586592.6093655104,6336011.339727989],[586608.9333572246,6336052.003435457],[586626.206208494,6336065.338855889],[586631.5290329742,6336089.903789607],[586636.5255924871,6336106.667167897],[586643.4399225191,6336113.649511052],[586649.1500091421,6336126.68643777],[586661.5849277904,6336130.956449135],[586667.9333629085,6336144.708343849],[586680.4766019174,6336160.516867208],[586685.7038891198,6336167.441554806],[586683.509643212,6336175.401714481],[586687.2355784879,6336186.682156217],[586695.7171576258,6336210.912726126],[586691.3554920655,6336224.4061036855],[586703.5889166796,6336242.8472640375],[586705.6346416153,6336248.569285706],[586708.561836104,6336253.229718532],[586722.9637928515,6336253.131708145],[586723.5674438905,6336259.814454483],[586729.2407272782,6336264.510386502],[586721.6014219595,6336270.7302528955],[586723.801552071,6336286.94499514],[586732.3881285392,6336283.150284962],[586748.3866205132,6336321.046230193],[586771.0549880143,6336372.0329721095],[586775.2650058493,6336403.7013262585],[586786.0306850929,6336414.795970901],[586805.6425058228,6336453.436348658],[586874.8901403439,6336569.811334343],[586867.3422126747,6336596.978400721],[586878.9554003301,6336609.160160964],[586932.9376710809,6336702.732401133],[586943.775170513,6336720.977898695],[586962.1656017813,6336756.57569313],[586954.6846175954,6336763.344087198],[586969.2805106969,6336780.354960693],[586984.1952362375,6336772.785784215],[586985.876168425,6336779.13498706],[586981.4324458094,6336791.334649765],[587014.0623339306,6336865.93959988],[587059.5280895048,6336974.333296498],[587095.3613564279,6337034.608634573],[587147.9411731135,6337111.028249675],[587156.6090066223,6337130.7985975295],[587162.0159555287,6337151.157004035],[587169.3277908133,6337181.265735972],[587171.1304810272,6337203.574581892],[587176.724772799,6337215.3516110685],[587188.9401148268,6337228.393357093],[587214.3353997801,6337247.470956702],[587246.2673542153,6337271.7870642925],[587274.5423731736,6337300.246310647],[587284.1861286558,6337319.870594616],[587303.8112282124,6337373.724869319],[587337.381130033,6337443.419693629],[587373.3838113361,6337535.826910587],[587411.2513738836,6337616.938226193],[587469.1496624944,6337702.0271864245],[587538.6304965278,6337791.260429033],[587604.6097876457,6337877.491899802],[587638.0553238573,6337913.624721176],[587675.255511765,6337963.144532665],[587702.4596735671,6338018.2535244385],[587725.4653283354,6338052.650541409],[587752.1624708491,6338094.019133178],[587818.61347359,6338188.036925818],[587919.5368563087,6338338.802530341],[587955.3878187996,6338391.692643034],[587985.1174786955,6338427.61558484],[588008.1866334676,6338456.269803109],[588036.2324346089,6338479.540708145],[588067.7842122203,6338489.847125508],[588088.3193235665,6338497.256880091],[588111.6046540061,6338519.992268766],[588137.7973705614,6338549.560350718],[588157.711721325,6338578.615669954],[588175.2388047682,6338608.44403091],[588219.88353009,6338659.58726548],[588275.2027752124,6338709.467558404],[588309.1070813754,6338749.558040858],[588341.2584095016,6338792.974153821],[588367.5998807539,6338835.464167739],[588368.8657191182,6338844.388574651],[588366.6521973984,6338856.812845532],[588359.7367826207,6338869.125137573],[588350.5167667986,6338883.169695841],[588347.183618014,6338895.080003887],[588349.6725191793,6338907.593989345],[588355.3694685316,6338914.029986345],[588364.1556663787,6338920.209321159],[588383.3609271708,6338932.269014688],[588409.840821585,6338952.747443902],[588455.8268181839,6339016.861696905],[588471.5564492096,6339039.537280532],[588476.3319299656,6339058.737224835],[588480.0578473158,6339081.4779950995],[588487.8209457207,6339097.82462365],[588514.2609718269,6339120.08460152],[588534.3194501172,6339137.675452955],[588548.5050747456,6339156.754815607],[588559.7927863267,6339189.69132075],[588576.2498410603,6339224.03073256],[588596.2730651889,6339258.123987538],[588626.2623274487,6339296.318053511],[588643.4772671311,6339325.173128112],[588659.9608252032,6339358.221768821],[588695.8209897404,6339409.816302698],[588717.9610200438,6339451.082536243],[588759.3769427988,6339521.415956675],[588781.3096254211,6339551.4868934415],[588818.7169956412,6339591.457049366],[588848.5148474177,6339623.179010902],[588896.3396895622,6339684.610139063],[588915.3049289735,6339714.2726045335],[588939.7640726101,6339738.107415382],[588966.6276341623,6339770.401661995],[588998.6113052507,6339806.047183071],[589016.6976873555,6339824.566744143],[589039.5862212689,6339845.7736568125],[589054.1911987924,6339860.331818155],[589078.5464914483,6339873.798051226],[589095.2928821361,6339879.338331275],[589111.6577681632,6339887.1420822255],[589118.1198794817,6339895.254976596],[589124.9437884178,6339932.740211646],[589131.5066939755,6339959.09537864],[589147.8404102857,6339983.401531664],[589164.910591694,6340003.837385421],[589198.7733397826,6340042.431651423],[589231.4697269402,6340089.909411033],[589234.8296665758,6340106.975114361],[589232.4933118135,6340117.436479882],[589228.4555338909,6340128.028014775],[589227.123636357,6340133.422185372],[589227.8873761859,6340139.184694298],[589231.5947477092,6340144.120138757],[589238.9100632337,6340146.862110031],[589247.0124157242,6340147.037695407],[589262.4445050588,6340142.038221196],[589276.2116470254,6340142.737536519],[589287.2003281186,6340148.075873729],[589291.7920478717,6340156.827784877],[589293.6147310981,6340162.535321056],[589292.0306991406,6340168.402836453],[589276.1143665493,6340188.213167745],[589275.0190324743,6340193.846300582],[589277.1995952534,6340198.102826071],[589284.0380614195,6340204.152949179],[589292.4748808668,6340207.576335769],[589303.5273366641,6340210.243564063],[589314.5777520739,6340209.102405837],[589334.7236067131,6340203.314597202],[589347.6193379939,6340206.834830358],[589380.9062174789,6340226.966528816],[589411.0145128117,6340259.011396663],[589430.6108290815,6340281.3072523745],[589438.2282135813,6340304.913134921],[589441.6203848561,6340327.959563815],[589450.6770647337,6340344.013391162],[589474.2279193741,6340364.268481495],[589522.8098479642,6340396.715679903],[589564.3489671408,6340440.012270577],[589585.334967534,6340458.920513092],[589609.7648844861,6340483.716609712],[589654.3198448584,6340522.224669919],[589701.1626403272,6340574.702617867],[589730.4011059786,6340616.753111656],[589814.8405649175,6340723.068736104],[589874.9742556604,6340781.707252037],[589928.9918364566,6340832.228843145],[589978.0531653529,6340886.852144849],[589980.1099625694,6340916.907698249],[590004.7260162857,6340919.962431939],[590004.3498415935,6340935.510727587],[590015.9726126991,6340939.628912608],[590027.1453327483,6340947.467737156],[590028.098411303,6340966.898041318],[590043.2817215672,6340965.448387024],[590048.5591120018,6340989.984330464],[590067.434389542,6340987.735805222],[590069.2801641972,6340998.121222281],[590075.7204726541,6340999.052760528],[590089.0231574273,6341001.236902252],[590097.631070704,6341008.062136033],[590149.9079861366,6341056.121145385],[590156.96873761,6341059.3492143145],[590164.0920736989,6341059.995189231],[590171.078448669,6341059.168267155],[590182.4085075741,6341052.623682373],[590365.9368398427,6340912.385214023],[590372.333123876,6340912.848548322],[590377.2826620742,6340917.545103506],[590424.584312651,6340993.092698752],[590445.8855859509,6341002.023751201],[590472.9981046626,6341006.127233594],[590499.2149559151,6341004.509726323],[590528.970156011,6340994.796581849],[590611.8161171695,6340939.938382009],[590670.3443319718,6340890.815569634],[590682.1795292016,6340851.243773323],[590700.8107747212,6340840.919348801],[590744.1404595082,6340836.50671762],[590960.840401053,6340665.277138692],[590983.723271291,6340643.422165783],[590984.2359304442,6340630.616259057],[590999.5047914428,6340648.347714813],[590603.6755422544,6340958.868104138],[590539.0430037763,6341001.209545183],[590422.9755166924,6341052.856063568],[590414.9335510773,6341053.035777949],[590407.502536959,6341051.814691162],[590404.528096928,6341046.905343727],[590421.8773585231,6341036.540416287],[590422.1573128143,6341031.22370128],[590356.4161125926,6340945.783767192],[590338.3381874672,6340957.948103878],[590308.9079881165,6340980.408975001],[590279.3262966723,6341003.178524359],[590260.6142170351,6341018.102067465],[590301.4943745176,6341071.993292436]],[[590336.7273704032,6341072.7662755195],[590351.057647879,6341066.844768179],[590355.5503435747,6341069.493445195],[590393.4754125562,6341063.64458173],[590394.1029583019,6341068.368760639],[590363.0736658203,6341073.344488822]],[[590427.9069539175,6341074.768081602],[590529.0776434136,6341031.134757756],[590575.5502563909,6341005.731904212],[590625.5518775723,6340970.496454393],[590997.9732928659,6340679.081917475],[591000.7861656359,6340676.516051118],[591002.4351530296,6340673.556982644],[591002.8753667533,6340670.047818219],[591003.4594223964,6340665.773466963],[591004.9655579538,6340663.535065162],[591008.620426743,6340661.433243809],[591011.6097724843,6340661.822256462],[591014.9157228112,6340664.567911347],[591019.2795738451,6340668.673244074],[591019.570910859,6340673.813261591],[591019.0478276802,6340677.242642558],[591017.4942331363,6340679.71384081],[591009.4211905906,6340685.637773917],[590887.7659784877,6340778.617592738],[590881.4078203735,6340783.811256801],[590880.4679380375,6340786.140149927],[590880.8066031021,6340789.143137487],[590882.6989861196,6340798.97321856],[590883.8449702013,6340804.009595062],[590885.7657568946,6340806.802521677],[590891.436877933,6340808.909875028],[590897.8471742757,6340810.387683039],[590901.3222020383,6340814.506677037],[590902.0262805314,6340819.299452468],[590900.1816474725,6340825.650637348],[590897.9394976004,6340828.10667512],[590891.4973100801,6340829.991153766],[590883.6916319919,6340830.943549312],[590871.2043533458,6340831.235840554],[590861.4299578004,6340829.650422169],[590854.8639818948,6340829.750508615],[590849.8779548234,6340831.656049951],[590839.9038987827,6340839.119625601],[590807.3588166854,6340866.7198382],[590768.7814712385,6340903.4076779755],[590654.3425503038,6340991.163474469],[590592.3749721731,6341037.3600437045],[590541.0934491776,6341069.561075269],[590526.0966417528,6341076.926050889]]]}}]}
